"Outcome","Gene","Study","Coef","SE","N","Pval","Cancer_type","Treatment","FDR"
"OS","ADO_Sidders","ICB_Gide__Melanoma__PD-(L)1",-1.146,0.735,41,0.118844313185333,"Melanoma","PD-(L)1",0.170272891738834
"OS","APM_Thompson","ICB_Gide__Melanoma__PD-(L)1",-1.898,0.561,41,0.000718608883053866,"Melanoma","PD-(L)1",0.00574887106443093
"OS","APM_Wang","ICB_Gide__Melanoma__PD-(L)1",-1.357,0.487,41,0.0053279123755553,"Melanoma","PD-(L)1",0.0213116495022212
"OS","Base_excision_repair","ICB_Gide__Melanoma__PD-(L)1",-0.59,0.743,41,0.426991804070313,"Melanoma","PD-(L)1",0.426991804070313
"OS","Bcell_Budczies","ICB_Gide__Melanoma__PD-(L)1",-0.613,0.425,41,0.14898878027148,"Melanoma","PD-(L)1",0.170272891738834
"OS","Bcell_Helmink","ICB_Gide__Melanoma__PD-(L)1",-1.668,0.933,41,0.0739496236946699,"Melanoma","PD-(L)1",0.170272891738834
"OS","Bcells_Danaher","ICB_Gide__Melanoma__PD-(L)1",-0.613,0.425,41,0.14898878027148,"Melanoma","PD-(L)1",0.170272891738834
"OS","Bcells_Rooney","ICB_Gide__Melanoma__PD-(L)1",-0.717,0.46,41,0.119205892270915,"Melanoma","PD-(L)1",0.170272891738834
"OS","aDC_Bindea","ICB_Hugo__Melanoma__PD-(L)1",0.715,0.669,26,0.285236943821114,"Melanoma","PD-(L)1",0.963854638519039
"OS","ADO_Sidders","ICB_Hugo__Melanoma__PD-(L)1",-0.208,1.013,26,0.83693348193841,"Melanoma","PD-(L)1",0.984651258342734
"OS","APM_Thompson","ICB_Hugo__Melanoma__PD-(L)1",-1.128,0.735,26,0.124905443012465,"Melanoma","PD-(L)1",0.963854638519039
"OS","APM_Wang","ICB_Hugo__Melanoma__PD-(L)1",-0.916,0.775,26,0.237081603581396,"Melanoma","PD-(L)1",0.963854638519039
"OS","Base_excision_repair","ICB_Hugo__Melanoma__PD-(L)1",-1.349,1.268,26,0.287559406309149,"Melanoma","PD-(L)1",0.963854638519039
"OS","Bcell_Budczies","ICB_Hugo__Melanoma__PD-(L)1",-0.116,0.599,26,0.846703870979541,"Melanoma","PD-(L)1",0.984651258342734
"OS","Bcell_Helmink","ICB_Hugo__Melanoma__PD-(L)1",1.714,1.626,26,0.291928549114975,"Melanoma","PD-(L)1",0.963854638519039
"OS","Bcells_Danaher","ICB_Hugo__Melanoma__PD-(L)1",-0.116,0.599,26,0.846703870979541,"Melanoma","PD-(L)1",0.984651258342734
"OS","Bcells_Rooney","ICB_Hugo__Melanoma__PD-(L)1",0.417,0.649,26,0.520359718115641,"Melanoma","PD-(L)1",0.963854638519039
"OS","Blood_Friedlander","ICB_Hugo__Melanoma__PD-(L)1",0.478,0.997,26,0.632087652385111,"Melanoma","PD-(L)1",0.984651258342734
"OS","C-ECM_Chakravarthy","ICB_Hugo__Melanoma__PD-(L)1",1.865,1.254,26,0.136969063215545,"Melanoma","PD-(L)1",0.963854638519039
"OS","CAF_Peng","ICB_Hugo__Melanoma__PD-(L)1",0.89,0.745,26,0.231738521705144,"Melanoma","PD-(L)1",0.963854638519039
"OS","CCL5-CXCL9_Dangaj","ICB_Hugo__Melanoma__PD-(L)1",0.451,0.584,26,0.439539813110233,"Melanoma","PD-(L)1",0.963854638519039
"OS","CD39-CD8Tcell_Chow","ICB_Hugo__Melanoma__PD-(L)1",0.228,0.617,26,0.711337085190947,"Melanoma","PD-(L)1",0.984651258342734
"OS","CD8_Rooney","ICB_Hugo__Melanoma__PD-(L)1",0.05,0.588,26,0.931870425068714,"Melanoma","PD-(L)1",0.989809393047498
"OS","CD8_Sade-Feldman ","ICB_Hugo__Melanoma__PD-(L)1",1.167,1.404,26,0.405924236264134,"Melanoma","PD-(L)1",0.963854638519039
"OS","CD8_Tcells_Bindea","ICB_Hugo__Melanoma__PD-(L)1",1.623,1.565,26,0.299658885128129,"Melanoma","PD-(L)1",0.963854638519039
"OS","CD8_Tcells_Danaher","ICB_Hugo__Melanoma__PD-(L)1",0.018,0.533,26,0.973221900149482,"Melanoma","PD-(L)1",0.989809393047498
"OS","CellCycle","ICB_Hugo__Melanoma__PD-(L)1",0.23,1.221,26,0.85045237575237,"Melanoma","PD-(L)1",0.984651258342734
"OS","CellCycle_Reg","ICB_Hugo__Melanoma__PD-(L)1",-0.555,0.884,26,0.529728618611971,"Melanoma","PD-(L)1",0.963854638519039
"OS","Chemokine_Messina","ICB_Hugo__Melanoma__PD-(L)1",0.502,0.711,26,0.479892250062039,"Melanoma","PD-(L)1",0.963854638519039
"OS","CIN25_Carter","ICB_Hugo__Melanoma__PD-(L)1",0.255,0.634,26,0.687081475676265,"Melanoma","PD-(L)1",0.984651258342734
"OS","CIN70_Carter","ICB_Hugo__Melanoma__PD-(L)1",0.261,0.734,26,0.722058046605662,"Melanoma","PD-(L)1",0.984651258342734
"OS","Co-Inhibition-APC_Rooney","ICB_Hugo__Melanoma__PD-(L)1",0.062,0.756,26,0.934840492620101,"Melanoma","PD-(L)1",0.989809393047498
"OS","Co-Inhibition-Tcell_Rooney","ICB_Hugo__Melanoma__PD-(L)1",0.57,0.69,26,0.40860515214464,"Melanoma","PD-(L)1",0.963854638519039
"OS","Co-Stimulation-APC_Rooney","ICB_Hugo__Melanoma__PD-(L)1",0.756,0.766,26,0.3232654950558,"Melanoma","PD-(L)1",0.963854638519039
"OS","Co-Stimulation-Tcell_Rooney","ICB_Hugo__Melanoma__PD-(L)1",0.958,0.679,26,0.158659251967945,"Melanoma","PD-(L)1",0.963854638519039
"OS","COX-IS_Bonavita","ICB_Hugo__Melanoma__PD-(L)1",0.462,0.32,26,0.1481952903118,"Melanoma","PD-(L)1",0.963854638519039
"OS","CRMA_Shukla","ICB_Hugo__Melanoma__PD-(L)1",-0.381,0.558,26,0.49468008291195,"Melanoma","PD-(L)1",0.963854638519039
"OS","CYT_Davoli","ICB_Hugo__Melanoma__PD-(L)1",-0.051,0.557,26,0.92676730193592,"Melanoma","PD-(L)1",0.989809393047498
"OS","CYT_Rooney","ICB_Hugo__Melanoma__PD-(L)1",0.127,0.577,26,0.826320753360679,"Melanoma","PD-(L)1",0.984651258342734
"OS","Cytotoxic-cells_Bindea","ICB_Hugo__Melanoma__PD-(L)1",0.164,0.794,26,0.836433163290362,"Melanoma","PD-(L)1",0.984651258342734
"OS","Cytotoxic-cells_Danaher","ICB_Hugo__Melanoma__PD-(L)1",-0.022,0.594,26,0.970409281863378,"Melanoma","PD-(L)1",0.989809393047498
"OS","DC_Bindea","ICB_Hugo__Melanoma__PD-(L)1",1.776,0.839,26,0.034346830597821,"Melanoma","PD-(L)1",0.963854638519039
"OS","DC_Danaher","ICB_Hugo__Melanoma__PD-(L)1",0.982,0.546,26,0.0719679994123148,"Melanoma","PD-(L)1",0.963854638519039
"OS","DDR","ICB_Hugo__Melanoma__PD-(L)1",-0.721,1.249,26,0.563823745174825,"Melanoma","PD-(L)1",0.965334594011443
"OS","DNA_replication","ICB_Hugo__Melanoma__PD-(L)1",-0.202,0.788,26,0.797289954838749,"Melanoma","PD-(L)1",0.984651258342734
"OS","EMT_Thompson","ICB_Hugo__Melanoma__PD-(L)1",0.572,0.649,26,0.378065959095011,"Melanoma","PD-(L)1",0.963854638519039
"OS","EMT1","ICB_Hugo__Melanoma__PD-(L)1",-0.822,1.18,26,0.485916683409868,"Melanoma","PD-(L)1",0.963854638519039
"OS","EMT2","ICB_Hugo__Melanoma__PD-(L)1",1.466,0.713,26,0.0397878659717854,"Melanoma","PD-(L)1",0.963854638519039
"OS","EMT3","ICB_Hugo__Melanoma__PD-(L)1",1.296,1.088,26,0.233545353352712,"Melanoma","PD-(L)1",0.963854638519039
"OS","EMTstroma_Wang","ICB_Hugo__Melanoma__PD-(L)1",0.482,0.692,26,0.485960464747246,"Melanoma","PD-(L)1",0.963854638519039
"OS","Eosinophils_Bindea","ICB_Hugo__Melanoma__PD-(L)1",-0.037,1.385,26,0.978843909405586,"Melanoma","PD-(L)1",0.989809393047498
"OS","FGFR3_related","ICB_Hugo__Melanoma__PD-(L)1",0.967,0.61,26,0.112932694967021,"Melanoma","PD-(L)1",0.963854638519039
"OS","GPAGs","ICB_Hugo__Melanoma__PD-(L)1",0.341,1.033,26,0.741505845801151,"Melanoma","PD-(L)1",0.984651258342734
"OS","Histones","ICB_Hugo__Melanoma__PD-(L)1",-1.301,0.646,26,0.0440154849681184,"Melanoma","PD-(L)1",0.963854638519039
"OS","Homologous_recombination","ICB_Hugo__Melanoma__PD-(L)1",-0.865,0.937,26,0.356331898920863,"Melanoma","PD-(L)1",0.963854638519039
"OS","ICB-resistance_Peng","ICB_Hugo__Melanoma__PD-(L)1",0.734,0.907,26,0.418325280106834,"Melanoma","PD-(L)1",0.963854638519039
"OS","iDC_Bindea","ICB_Hugo__Melanoma__PD-(L)1",1.798,1.534,26,0.241340274496179,"Melanoma","PD-(L)1",0.963854638519039
"OS","IFN_Ayers","ICB_Hugo__Melanoma__PD-(L)1",0.206,0.339,26,0.542877166514005,"Melanoma","PD-(L)1",0.963854638519039
"OS","ImmuneCells_Xiong","ICB_Hugo__Melanoma__PD-(L)1",2.084,1.532,26,0.173786820774659,"Melanoma","PD-(L)1",0.963854638519039
"OS","ImmuneScore_Roh","ICB_Hugo__Melanoma__PD-(L)1",-0.008,0.657,26,0.989809393047498,"Melanoma","PD-(L)1",0.989809393047498
"OS","ImmunoScore_Hao","ICB_Hugo__Melanoma__PD-(L)1",0.591,0.852,26,0.487994487457181,"Melanoma","PD-(L)1",0.963854638519039
"OS","IMPRES_Auslander","ICB_Hugo__Melanoma__PD-(L)1",1.169,1.487,26,0.431898917511948,"Melanoma","PD-(L)1",0.963854638519039
"OS","IMS_Cui","ICB_Hugo__Melanoma__PD-(L)1",2.189,0.868,26,0.0117027221310081,"Melanoma","PD-(L)1",0.963854638519039
"OS","Inflammatory_Thompson","ICB_Hugo__Melanoma__PD-(L)1",0.146,0.624,26,0.814934525522992,"Melanoma","PD-(L)1",0.984651258342734
"OS","IPRES_Hugo","ICB_Hugo__Melanoma__PD-(L)1",2.436,1.622,26,0.133172840026456,"Melanoma","PD-(L)1",0.963854638519039
"OS","IPS_Charoentong","ICB_Hugo__Melanoma__PD-(L)1",-0.444,0.352,26,0.207534334691273,"Melanoma","PD-(L)1",0.963854638519039
"OS","IPSOV_Shen","ICB_Hugo__Melanoma__PD-(L)1",5.989,3.502,26,0.0872653218929734,"Melanoma","PD-(L)1",0.963854638519039
"OS","IRG_Ayers","ICB_Hugo__Melanoma__PD-(L)1",0.199,0.339,26,0.556284701237829,"Melanoma","PD-(L)1",0.965334594011443
"OS","IRG_Yang","ICB_Hugo__Melanoma__PD-(L)1",-0.633,0.869,26,0.466288143342493,"Melanoma","PD-(L)1",0.963854638519039
"OS","KDM5A_Wang","ICB_Hugo__Melanoma__PD-(L)1",0.478,0.883,26,0.587991918664198,"Melanoma","PD-(L)1",0.984651258342734
"OS","M1_Hwang","ICB_Hugo__Melanoma__PD-(L)1",0.88,1.219,26,0.470472668538734,"Melanoma","PD-(L)1",0.963854638519039
"OS","Macrophage_Danaher","ICB_Hugo__Melanoma__PD-(L)1",0.629,0.617,26,0.307702342444616,"Melanoma","PD-(L)1",0.963854638519039
"OS","Macrophages_Bindea","ICB_Hugo__Melanoma__PD-(L)1",2.247,1.212,26,0.0637210318425859,"Melanoma","PD-(L)1",0.963854638519039
"OS","Macrophages_Rooney","ICB_Hugo__Melanoma__PD-(L)1",1.214,0.888,26,0.171644359327553,"Melanoma","PD-(L)1",0.963854638519039
"OS","Mast-cells_Bindea","ICB_Hugo__Melanoma__PD-(L)1",1.426,1.099,26,0.19440925134956,"Melanoma","PD-(L)1",0.963854638519039
"OS","Mast-cells_Danaher","ICB_Hugo__Melanoma__PD-(L)1",0.516,0.513,26,0.314790168780438,"Melanoma","PD-(L)1",0.963854638519039
"OS","MDSC_Peng","ICB_Hugo__Melanoma__PD-(L)1",-1.14,1.258,26,0.364584768567317,"Melanoma","PD-(L)1",0.963854638519039
"OS","MHC-I_Liu","ICB_Hugo__Melanoma__PD-(L)1",-1.007,1.255,26,0.422223374590537,"Melanoma","PD-(L)1",0.963854638519039
"OS","MHC-I_Rooney","ICB_Hugo__Melanoma__PD-(L)1",-0.433,0.583,26,0.457038566544073,"Melanoma","PD-(L)1",0.963854638519039
"OS","MHC-II_Liu","ICB_Hugo__Melanoma__PD-(L)1",0.051,1.096,26,0.962769394648306,"Melanoma","PD-(L)1",0.989809393047498
"OS","MPS_Guijarro","ICB_Hugo__Melanoma__PD-(L)1",1.652,1.602,26,0.302647341806815,"Melanoma","PD-(L)1",0.963854638519039
"OS","Myeloid-DC_Helmink","ICB_Hugo__Melanoma__PD-(L)1",0.196,0.564,26,0.727484322253604,"Melanoma","PD-(L)1",0.984651258342734
"OS","Neutrophils_Bindea","ICB_Hugo__Melanoma__PD-(L)1",0.309,0.758,26,0.683437694405559,"Melanoma","PD-(L)1",0.984651258342734
"OS","Neutrophils_Rooney","ICB_Hugo__Melanoma__PD-(L)1",0.327,0.719,26,0.649379709532478,"Melanoma","PD-(L)1",0.984651258342734
"OS","NK-CD56-cells_Danaher","ICB_Hugo__Melanoma__PD-(L)1",0.383,0.593,26,0.518697666940585,"Melanoma","PD-(L)1",0.963854638519039
"OS","NK-cells_Danaher","ICB_Hugo__Melanoma__PD-(L)1",-0.281,0.554,26,0.61134983044741,"Melanoma","PD-(L)1",0.984651258342734
"OS","NK-cells_Rooney","ICB_Hugo__Melanoma__PD-(L)1",0.155,0.587,26,0.791852030976802,"Melanoma","PD-(L)1",0.984651258342734
"OS","NonResponse_Chen","ICB_Hugo__Melanoma__PD-(L)1",0.676,0.828,26,0.414077655949255,"Melanoma","PD-(L)1",0.963854638519039
"OS","Nucleotide-excision-repair","ICB_Hugo__Melanoma__PD-(L)1",-1.841,1.202,26,0.125687963443037,"Melanoma","PD-(L)1",0.963854638519039
"OS","PassON_Du","ICB_Hugo__Melanoma__PD-(L)1",-0.808,1.701,26,0.634661188853455,"Melanoma","PD-(L)1",0.984651258342734
"OS","PDL1_Nishino","ICB_Hugo__Melanoma__PD-(L)1",0.4,0.568,26,0.48074826640785,"Melanoma","PD-(L)1",0.963854638519039
"OS","peri-Tcell_Hwang","ICB_Hugo__Melanoma__PD-(L)1",0.389,1.075,26,0.717386376489869,"Melanoma","PD-(L)1",0.984651258342734
"OS","PPAGs","ICB_Hugo__Melanoma__PD-(L)1",1.05,0.961,26,0.274135651384016,"Melanoma","PD-(L)1",0.963854638519039
"OS","proliferation_Pabla","ICB_Hugo__Melanoma__PD-(L)1",0.39,0.399,26,0.328345584247801,"Melanoma","PD-(L)1",0.963854638519039
"OS","PTEN-MITF_Cabrita","ICB_Hugo__Melanoma__PD-(L)1",0.069,0.852,26,0.93590159933179,"Melanoma","PD-(L)1",0.989809393047498
"OS","Response_Chen","ICB_Hugo__Melanoma__PD-(L)1",0.504,0.788,26,0.522347401842656,"Melanoma","PD-(L)1",0.963854638519039
"OS","STAT1_Care","ICB_Hugo__Melanoma__PD-(L)1",0.266,0.644,26,0.678969914527051,"Melanoma","PD-(L)1",0.984651258342734
"OS","SW480-cells_Bindea","ICB_Hugo__Melanoma__PD-(L)1",0.627,0.869,26,0.470713549186366,"Melanoma","PD-(L)1",0.963854638519039
"OS","T-helper-cells_Bindea","ICB_Hugo__Melanoma__PD-(L)1",-0.166,0.96,26,0.862452729844349,"Melanoma","PD-(L)1",0.984651258342734
"OS","TAM_Peng","ICB_Hugo__Melanoma__PD-(L)1",2.485,1.405,26,0.0768736007627764,"Melanoma","PD-(L)1",0.963854638519039
"OS","Tcell-accumulation_Peng","ICB_Hugo__Melanoma__PD-(L)1",0.191,1.102,26,0.862659067043634,"Melanoma","PD-(L)1",0.984651258342734
"OS","Tcell-exclusion_Arnon","ICB_Hugo__Melanoma__PD-(L)1",-0.959,0.925,26,0.299951204684788,"Melanoma","PD-(L)1",0.963854638519039
"OS","Tcell-exhaustion_Peng","ICB_Hugo__Melanoma__PD-(L)1",0.411,1.062,26,0.698340885645091,"Melanoma","PD-(L)1",0.984651258342734
"OS","Tcell-inflamed_Ayers","ICB_Hugo__Melanoma__PD-(L)1",0.12,0.598,26,0.841106478931155,"Melanoma","PD-(L)1",0.984651258342734
"OS","Tcell-regulatory_Peng","ICB_Hugo__Melanoma__PD-(L)1",0.787,1.288,26,0.541115924284829,"Melanoma","PD-(L)1",0.963854638519039
"OS","Tcells_Bindea","ICB_Hugo__Melanoma__PD-(L)1",0.27,0.628,26,0.666817991152591,"Melanoma","PD-(L)1",0.984651258342734
"OS","Tcells_Danaher","ICB_Hugo__Melanoma__PD-(L)1",0.226,0.567,26,0.689963735192626,"Melanoma","PD-(L)1",0.984651258342734
"OS","Tcm_Bindea","ICB_Hugo__Melanoma__PD-(L)1",0.061,1.313,26,0.962997275576717,"Melanoma","PD-(L)1",0.989809393047498
"OS","Teff-IFNG_Fehrenbacher","ICB_Hugo__Melanoma__PD-(L)1",-0.089,0.6,26,0.882248444673107,"Melanoma","PD-(L)1",0.989809393047498
"OS","Teff_McDermott","ICB_Hugo__Melanoma__PD-(L)1",-0.192,0.65,26,0.767810127081471,"Melanoma","PD-(L)1",0.984651258342734
"OS","TFH_Bindea","ICB_Hugo__Melanoma__PD-(L)1",2.052,1.326,26,0.121801191937063,"Melanoma","PD-(L)1",0.963854638519039
"OS","TGFB_Mariathasan","ICB_Hugo__Melanoma__PD-(L)1",0.396,0.495,26,0.423142627273111,"Melanoma","PD-(L)1",0.963854638519039
"OS","TIS_Damotte","ICB_Hugo__Melanoma__PD-(L)1",0.087,0.631,26,0.890075895389492,"Melanoma","PD-(L)1",0.989809393047498
"OS","TLS_Cabrita","ICB_Hugo__Melanoma__PD-(L)1",0.232,0.647,26,0.719893190654716,"Melanoma","PD-(L)1",0.984651258342734
"OS","TMEscoreA_plus","ICB_Hugo__Melanoma__PD-(L)1",0.012,0.754,26,0.986885268678702,"Melanoma","PD-(L)1",0.989809393047498
"OS","TMEscoreB_plus","ICB_Hugo__Melanoma__PD-(L)1",0.036,1.002,26,0.970960729555664,"Melanoma","PD-(L)1",0.989809393047498
"OS","Treg_Rooney","ICB_Hugo__Melanoma__PD-(L)1",0.127,0.705,26,0.857236222665887,"Melanoma","PD-(L)1",0.984651258342734
"OS","TypeI-IFNReponse_Rooney","ICB_Hugo__Melanoma__PD-(L)1",0.414,0.616,26,0.501420751006495,"Melanoma","PD-(L)1",0.963854638519039
"OS","TypeII-IFNReponse_Rooney","ICB_Hugo__Melanoma__PD-(L)1",0.286,0.64,26,0.654679095814371,"Melanoma","PD-(L)1",0.984651258342734
"OS","VIGex_Hernando-Calvo","ICB_Hugo__Melanoma__PD-(L)1",0.418,0.692,26,0.545899972258571,"Melanoma","PD-(L)1",0.963854638519039
"OS","WNT_target","ICB_Hugo__Melanoma__PD-(L)1",0.216,0.669,26,0.747264118753475,"Melanoma","PD-(L)1",0.984651258342734
"OS","ADO_Sidders","ICB_Liu__Melanoma__PD-(L)1",-0.799,0.648,74,0.217559729039777,"Melanoma","PD-(L)1",0.983250007966065
"OS","APM_Thompson","ICB_Liu__Melanoma__PD-(L)1",-0.521,0.408,74,0.201652806358753,"Melanoma","PD-(L)1",0.983250007966065
"OS","APM_Wang","ICB_Liu__Melanoma__PD-(L)1",-0.032,0.409,74,0.938018001052871,"Melanoma","PD-(L)1",0.988437109737638
"OS","Base_excision_repair","ICB_Liu__Melanoma__PD-(L)1",-0.178,0.645,74,0.782142297816387,"Melanoma","PD-(L)1",0.983250007966065
"OS","Bcell_Budczies","ICB_Liu__Melanoma__PD-(L)1",0.042,0.34,74,0.902220121338287,"Melanoma","PD-(L)1",0.988437109737638
"OS","Bcell_Helmink","ICB_Liu__Melanoma__PD-(L)1",-0.175,0.817,74,0.830601404941948,"Melanoma","PD-(L)1",0.983250007966065
"OS","Bcells_Rooney","ICB_Liu__Melanoma__PD-(L)1",-0.327,0.424,74,0.440676704191123,"Melanoma","PD-(L)1",0.983250007966065
"OS","Blood_Friedlander","ICB_Liu__Melanoma__PD-(L)1",-0.848,0.676,74,0.209599939257729,"Melanoma","PD-(L)1",0.983250007966065
"OS","C-ECM_Chakravarthy","ICB_Liu__Melanoma__PD-(L)1",-1.135,0.806,74,0.159022776277904,"Melanoma","PD-(L)1",0.983250007966065
"OS","CAF_Peng","ICB_Liu__Melanoma__PD-(L)1",-0.906,0.498,74,0.0686854817297704,"Melanoma","PD-(L)1",0.882403662518012
"OS","CCL5-CXCL9_Dangaj","ICB_Liu__Melanoma__PD-(L)1",-0.287,0.329,74,0.382054793972641,"Melanoma","PD-(L)1",0.983250007966065
"OS","CD39-CD8Tcell_Chow","ICB_Liu__Melanoma__PD-(L)1",-0.281,0.357,74,0.431424728583197,"Melanoma","PD-(L)1",0.983250007966065
"OS","CD8_Rooney","ICB_Liu__Melanoma__PD-(L)1",0.077,0.318,74,0.808349779863329,"Melanoma","PD-(L)1",0.983250007966065
"OS","CD8_Sade-Feldman ","ICB_Liu__Melanoma__PD-(L)1",-0.538,0.702,74,0.443375898369082,"Melanoma","PD-(L)1",0.983250007966065
"OS","CD8_Tcells_Bindea","ICB_Liu__Melanoma__PD-(L)1",0.188,0.867,74,0.828253775974692,"Melanoma","PD-(L)1",0.983250007966065
"OS","CD8_Tcells_Danaher","ICB_Liu__Melanoma__PD-(L)1",0.117,0.304,74,0.700735902226383,"Melanoma","PD-(L)1",0.983250007966065
"OS","CellCycle","ICB_Liu__Melanoma__PD-(L)1",-0.043,0.687,74,0.949674870140083,"Melanoma","PD-(L)1",0.988437109737638
"OS","CellCycle_Reg","ICB_Liu__Melanoma__PD-(L)1",0.135,0.542,74,0.803313024871877,"Melanoma","PD-(L)1",0.983250007966065
"OS","CIN25_Carter","ICB_Liu__Melanoma__PD-(L)1",-0.221,0.373,74,0.552717323928992,"Melanoma","PD-(L)1",0.983250007966065
"OS","CIN70_Carter","ICB_Liu__Melanoma__PD-(L)1",-0.128,0.418,74,0.758821952442183,"Melanoma","PD-(L)1",0.983250007966065
"OS","Co-Inhibition-APC_Rooney","ICB_Liu__Melanoma__PD-(L)1",-0.689,0.42,74,0.100760569546071,"Melanoma","PD-(L)1",0.882403662518012
"OS","Co-Inhibition-Tcell_Rooney","ICB_Liu__Melanoma__PD-(L)1",-0.256,0.388,74,0.509672849329111,"Melanoma","PD-(L)1",0.983250007966065
"OS","Co-Stimulation-APC_Rooney","ICB_Liu__Melanoma__PD-(L)1",-0.343,0.505,74,0.496806497789598,"Melanoma","PD-(L)1",0.983250007966065
"OS","Co-Stimulation-Tcell_Rooney","ICB_Liu__Melanoma__PD-(L)1",-0.245,0.408,74,0.548868098661752,"Melanoma","PD-(L)1",0.983250007966065
"OS","COX-IS_Bonavita","ICB_Liu__Melanoma__PD-(L)1",-0.139,0.139,74,0.317581378366,"Melanoma","PD-(L)1",0.983250007966065
"OS","CYT_Davoli","ICB_Liu__Melanoma__PD-(L)1",0.003,0.328,74,0.993818702967625,"Melanoma","PD-(L)1",0.995959326743292
"OS","CYT_Rooney","ICB_Liu__Melanoma__PD-(L)1",-0.058,0.304,74,0.848967441909339,"Melanoma","PD-(L)1",0.983250007966065
"OS","Cytotoxic-cells_Bindea","ICB_Liu__Melanoma__PD-(L)1",-0.176,0.423,74,0.677548843912422,"Melanoma","PD-(L)1",0.983250007966065
"OS","Cytotoxic-cells_Danaher","ICB_Liu__Melanoma__PD-(L)1",-0.032,0.345,74,0.925064759397313,"Melanoma","PD-(L)1",0.988437109737638
"OS","DC_Bindea","ICB_Liu__Melanoma__PD-(L)1",-0.802,0.427,74,0.0600925192360932,"Melanoma","PD-(L)1",0.882403662518012
"OS","DC_Danaher","ICB_Liu__Melanoma__PD-(L)1",-0.661,0.346,74,0.0559791001447761,"Melanoma","PD-(L)1",0.882403662518012
"OS","DDR","ICB_Liu__Melanoma__PD-(L)1",0.539,0.737,74,0.463908459569181,"Melanoma","PD-(L)1",0.983250007966065
"OS","DNA_replication","ICB_Liu__Melanoma__PD-(L)1",0.215,0.492,74,0.66170821025373,"Melanoma","PD-(L)1",0.983250007966065
"OS","EMT_Thompson","ICB_Liu__Melanoma__PD-(L)1",0.064,0.566,74,0.90987203401888,"Melanoma","PD-(L)1",0.988437109737638
"OS","EMT1","ICB_Liu__Melanoma__PD-(L)1",-0.22,0.686,74,0.748730672584887,"Melanoma","PD-(L)1",0.983250007966065
"OS","EMT2","ICB_Liu__Melanoma__PD-(L)1",-0.472,0.424,74,0.265556776215174,"Melanoma","PD-(L)1",0.983250007966065
"OS","EMT3","ICB_Liu__Melanoma__PD-(L)1",0.103,0.551,74,0.851946631902187,"Melanoma","PD-(L)1",0.983250007966065
"OS","EMTstroma_Wang","ICB_Liu__Melanoma__PD-(L)1",-0.781,0.491,74,0.111693361662867,"Melanoma","PD-(L)1",0.882403662518012
"OS","Eosinophils_Bindea","ICB_Liu__Melanoma__PD-(L)1",-1.588,1,74,0.112463211889551,"Melanoma","PD-(L)1",0.882403662518012
"OS","GPAGs","ICB_Liu__Melanoma__PD-(L)1",-0.348,0.722,74,0.630031362859865,"Melanoma","PD-(L)1",0.983250007966065
"OS","Homologous_recombination","ICB_Liu__Melanoma__PD-(L)1",0.412,0.584,74,0.48105482972293,"Melanoma","PD-(L)1",0.983250007966065
"OS","ICB-resistance_Peng","ICB_Liu__Melanoma__PD-(L)1",-0.381,0.468,74,0.415355367616498,"Melanoma","PD-(L)1",0.983250007966065
"OS","iDC_Bindea","ICB_Liu__Melanoma__PD-(L)1",-0.517,0.702,74,0.461794124150359,"Melanoma","PD-(L)1",0.983250007966065
"OS","IFN_Ayers","ICB_Liu__Melanoma__PD-(L)1",-0.16,0.219,74,0.464897454738068,"Melanoma","PD-(L)1",0.983250007966065
"OS","ImmuneCells_Xiong","ICB_Liu__Melanoma__PD-(L)1",-0.006,1.203,74,0.995959326743292,"Melanoma","PD-(L)1",0.995959326743292
"OS","ImmuneScore_Roh","ICB_Liu__Melanoma__PD-(L)1",-0.289,0.37,74,0.435459200930815,"Melanoma","PD-(L)1",0.983250007966065
"OS","ImmunoScore_Hao","ICB_Liu__Melanoma__PD-(L)1",-0.424,0.473,74,0.369955565178272,"Melanoma","PD-(L)1",0.983250007966065
"OS","IMPRES_Auslander","ICB_Liu__Melanoma__PD-(L)1",0.342,0.722,74,0.635269754090315,"Melanoma","PD-(L)1",0.983250007966065
"OS","IMS_Cui","ICB_Liu__Melanoma__PD-(L)1",-1.041,0.508,74,0.0404338950127085,"Melanoma","PD-(L)1",0.882403662518012
"OS","Inflammatory_Thompson","ICB_Liu__Melanoma__PD-(L)1",-0.102,0.323,74,0.753085047966138,"Melanoma","PD-(L)1",0.983250007966065
"OS","IPRES_Hugo","ICB_Liu__Melanoma__PD-(L)1",-0.845,1.209,74,0.484438627551794,"Melanoma","PD-(L)1",0.983250007966065
"OS","IPS_Charoentong","ICB_Liu__Melanoma__PD-(L)1",-0.005,0.177,74,0.978596178640799,"Melanoma","PD-(L)1",0.995959326743292
"OS","IPSOV_Shen","ICB_Liu__Melanoma__PD-(L)1",-0.283,1.564,74,0.856664379631419,"Melanoma","PD-(L)1",0.983250007966065
"OS","IRG_Ayers","ICB_Liu__Melanoma__PD-(L)1",-0.183,0.231,74,0.428627751136802,"Melanoma","PD-(L)1",0.983250007966065
"OS","KDM5A_Wang","ICB_Liu__Melanoma__PD-(L)1",-0.208,0.543,74,0.701299710203194,"Melanoma","PD-(L)1",0.983250007966065
"OS","M1_Hwang","ICB_Liu__Melanoma__PD-(L)1",-0.45,0.704,74,0.52297902208573,"Melanoma","PD-(L)1",0.983250007966065
"OS","Macrophage_Danaher","ICB_Liu__Melanoma__PD-(L)1",-0.464,0.324,74,0.152437864721419,"Melanoma","PD-(L)1",0.983250007966065
"OS","Macrophages_Bindea","ICB_Liu__Melanoma__PD-(L)1",-0.628,0.558,74,0.260545764460719,"Melanoma","PD-(L)1",0.983250007966065
"OS","Macrophages_Rooney","ICB_Liu__Melanoma__PD-(L)1",-0.676,0.422,74,0.109361266839873,"Melanoma","PD-(L)1",0.882403662518012
"OS","Mast-cells_Bindea","ICB_Liu__Melanoma__PD-(L)1",-0.558,0.543,74,0.303856532779467,"Melanoma","PD-(L)1",0.983250007966065
"OS","Mast-cells_Danaher","ICB_Liu__Melanoma__PD-(L)1",-0.56,0.325,74,0.0845762105103971,"Melanoma","PD-(L)1",0.882403662518012
"OS","MDSC_Peng","ICB_Liu__Melanoma__PD-(L)1",-0.005,0.786,74,0.994586983871301,"Melanoma","PD-(L)1",0.995959326743292
"OS","MHC-I_Liu","ICB_Liu__Melanoma__PD-(L)1",-0.053,0.525,74,0.919621412172694,"Melanoma","PD-(L)1",0.988437109737638
"OS","MHC-I_Rooney","ICB_Liu__Melanoma__PD-(L)1",-0.137,0.298,74,0.644526917234674,"Melanoma","PD-(L)1",0.983250007966065
"OS","MHC-II_Liu","ICB_Liu__Melanoma__PD-(L)1",-0.948,0.588,74,0.106674859300855,"Melanoma","PD-(L)1",0.882403662518012
"OS","Myeloid-DC_Helmink","ICB_Liu__Melanoma__PD-(L)1",-0.612,0.369,74,0.0973852532863322,"Melanoma","PD-(L)1",0.882403662518012
"OS","Neutrophils_Bindea","ICB_Liu__Melanoma__PD-(L)1",-0.28,0.583,74,0.631101965695288,"Melanoma","PD-(L)1",0.983250007966065
"OS","NK-cells_Danaher","ICB_Liu__Melanoma__PD-(L)1",-0.147,0.326,74,0.650768006927561,"Melanoma","PD-(L)1",0.983250007966065
"OS","NK-cells_Rooney","ICB_Liu__Melanoma__PD-(L)1",0.139,0.309,74,0.651710985759463,"Melanoma","PD-(L)1",0.983250007966065
"OS","NonResponse_Chen","ICB_Liu__Melanoma__PD-(L)1",0.156,0.438,74,0.721975321073967,"Melanoma","PD-(L)1",0.983250007966065
"OS","Nucleotide-excision-repair","ICB_Liu__Melanoma__PD-(L)1",0.392,0.653,74,0.548635009581431,"Melanoma","PD-(L)1",0.983250007966065
"OS","PassON_Du","ICB_Liu__Melanoma__PD-(L)1",-2.08,0.987,74,0.0351716767360428,"Melanoma","PD-(L)1",0.882403662518012
"OS","PDL1_Nishino","ICB_Liu__Melanoma__PD-(L)1",-0.077,0.337,74,0.819044393659557,"Melanoma","PD-(L)1",0.983250007966065
"OS","peri-Tcell_Hwang","ICB_Liu__Melanoma__PD-(L)1",-0.417,0.678,74,0.53805379194921,"Melanoma","PD-(L)1",0.983250007966065
"OS","PPAGs","ICB_Liu__Melanoma__PD-(L)1",0.324,0.696,74,0.641627486980086,"Melanoma","PD-(L)1",0.983250007966065
"OS","proliferation_Pabla","ICB_Liu__Melanoma__PD-(L)1",0.113,0.271,74,0.677532959112374,"Melanoma","PD-(L)1",0.983250007966065
"OS","PTEN-MITF_Cabrita","ICB_Liu__Melanoma__PD-(L)1",-0.145,0.271,74,0.591526484878284,"Melanoma","PD-(L)1",0.983250007966065
"OS","Response_Chen","ICB_Liu__Melanoma__PD-(L)1",-0.58,0.463,74,0.210712925763239,"Melanoma","PD-(L)1",0.983250007966065
"OS","STAT1_Care","ICB_Liu__Melanoma__PD-(L)1",-0.242,0.343,74,0.480430888579709,"Melanoma","PD-(L)1",0.983250007966065
"OS","SW480-cells_Bindea","ICB_Liu__Melanoma__PD-(L)1",0.329,0.696,74,0.637034331806862,"Melanoma","PD-(L)1",0.983250007966065
"OS","T-helper-cells_Bindea","ICB_Liu__Melanoma__PD-(L)1",0.292,0.643,74,0.649245809525236,"Melanoma","PD-(L)1",0.983250007966065
"OS","TAM_Peng","ICB_Liu__Melanoma__PD-(L)1",-0.94,0.71,74,0.185389032642862,"Melanoma","PD-(L)1",0.983250007966065
"OS","Tcell-accumulation_Peng","ICB_Liu__Melanoma__PD-(L)1",-0.383,0.522,74,0.46265597068022,"Melanoma","PD-(L)1",0.983250007966065
"OS","Tcell-exclusion_Arnon","ICB_Liu__Melanoma__PD-(L)1",0.213,0.589,74,0.718055626848437,"Melanoma","PD-(L)1",0.983250007966065
"OS","Tcell-exhaustion_Peng","ICB_Liu__Melanoma__PD-(L)1",-0.096,0.8,74,0.904909578199528,"Melanoma","PD-(L)1",0.988437109737638
"OS","Tcell-inflamed_Ayers","ICB_Liu__Melanoma__PD-(L)1",-0.119,0.323,74,0.712204052903877,"Melanoma","PD-(L)1",0.983250007966065
"OS","Tcell-regulatory_Peng","ICB_Liu__Melanoma__PD-(L)1",-1,0.896,74,0.264750454506421,"Melanoma","PD-(L)1",0.983250007966065
"OS","Tcells_Bindea","ICB_Liu__Melanoma__PD-(L)1",-0.345,0.373,74,0.354951645366491,"Melanoma","PD-(L)1",0.983250007966065
"OS","Tcells_Danaher","ICB_Liu__Melanoma__PD-(L)1",-0.174,0.334,74,0.601131692068752,"Melanoma","PD-(L)1",0.983250007966065
"OS","Tcm_Bindea","ICB_Liu__Melanoma__PD-(L)1",-1.457,0.815,74,0.0740323146015099,"Melanoma","PD-(L)1",0.882403662518012
"OS","Teff-IFNG_Fehrenbacher","ICB_Liu__Melanoma__PD-(L)1",0.025,0.33,74,0.940173604067726,"Melanoma","PD-(L)1",0.988437109737638
"OS","Teff_McDermott","ICB_Liu__Melanoma__PD-(L)1",0.137,0.336,74,0.684518963254262,"Melanoma","PD-(L)1",0.983250007966065
"OS","TFH_Bindea","ICB_Liu__Melanoma__PD-(L)1",-0.286,0.726,74,0.693418682174424,"Melanoma","PD-(L)1",0.983250007966065
"OS","TGFB_Mariathasan","ICB_Liu__Melanoma__PD-(L)1",0.103,0.34,74,0.763092290938296,"Melanoma","PD-(L)1",0.983250007966065
"OS","TIS_Damotte","ICB_Liu__Melanoma__PD-(L)1",-0.259,0.353,74,0.463193168369887,"Melanoma","PD-(L)1",0.983250007966065
"OS","TLS_Cabrita","ICB_Liu__Melanoma__PD-(L)1",-0.474,0.467,74,0.310338385758814,"Melanoma","PD-(L)1",0.983250007966065
"OS","TMEscoreA_plus","ICB_Liu__Melanoma__PD-(L)1",0.075,0.417,74,0.857933830480194,"Melanoma","PD-(L)1",0.983250007966065
"OS","TMEscoreB_plus","ICB_Liu__Melanoma__PD-(L)1",0.626,0.611,74,0.305328570696988,"Melanoma","PD-(L)1",0.983250007966065
"OS","TypeI-IFNReponse_Rooney","ICB_Liu__Melanoma__PD-(L)1",0.12,0.375,74,0.748741162202252,"Melanoma","PD-(L)1",0.983250007966065
"OS","TypeII-IFNReponse_Rooney","ICB_Liu__Melanoma__PD-(L)1",0.023,0.351,74,0.948523644678388,"Melanoma","PD-(L)1",0.988437109737638
"OS","VIGex_Hernando-Calvo","ICB_Liu__Melanoma__PD-(L)1",-0.093,0.34,74,0.784934198237603,"Melanoma","PD-(L)1",0.983250007966065
"OS","WNT_target","ICB_Liu__Melanoma__PD-(L)1",0.522,0.424,74,0.218611884053282,"Melanoma","PD-(L)1",0.983250007966065
"OS","ADO_Sidders","ICB_Miao1__Kidney__PD-(L)1",-0.885,0.846,33,0.295513782774086,"Kidney","PD-(L)1",0.988727731646296
"OS","APM_Thompson","ICB_Miao1__Kidney__PD-(L)1",0.148,0.617,33,0.81044586798596,"Kidney","PD-(L)1",0.988727731646296
"OS","APM_Wang","ICB_Miao1__Kidney__PD-(L)1",0.039,0.534,33,0.942342612483241,"Kidney","PD-(L)1",0.988727731646296
"OS","Base_excision_repair","ICB_Miao1__Kidney__PD-(L)1",0.104,0.748,33,0.889345940816197,"Kidney","PD-(L)1",0.988727731646296
"OS","Bcell_Budczies","ICB_Miao1__Kidney__PD-(L)1",0.25,0.394,33,0.525658252124119,"Kidney","PD-(L)1",0.988727731646296
"OS","Bcell_Helmink","ICB_Miao1__Kidney__PD-(L)1",-1.113,1.227,33,0.364082263365513,"Kidney","PD-(L)1",0.988727731646296
"OS","Bcells_Danaher","ICB_Miao1__Kidney__PD-(L)1",0.25,0.394,33,0.525658252124119,"Kidney","PD-(L)1",0.988727731646296
"OS","Bcells_Rooney","ICB_Miao1__Kidney__PD-(L)1",-0.282,0.551,33,0.608027474361765,"Kidney","PD-(L)1",0.988727731646296
"OS","Blood_Friedlander","ICB_Miao1__Kidney__PD-(L)1",-0.683,0.883,33,0.43976888170818,"Kidney","PD-(L)1",0.988727731646296
"OS","C-ECM_Chakravarthy","ICB_Miao1__Kidney__PD-(L)1",0.135,0.881,33,0.878393328899607,"Kidney","PD-(L)1",0.988727731646296
"OS","CAF_Peng","ICB_Miao1__Kidney__PD-(L)1",0.077,0.596,33,0.897239089041755,"Kidney","PD-(L)1",0.988727731646296
"OS","CCL5-CXCL9_Dangaj","ICB_Miao1__Kidney__PD-(L)1",-0.594,0.513,33,0.246319100073279,"Kidney","PD-(L)1",0.988727731646296
"OS","CD39-CD8Tcell_Chow","ICB_Miao1__Kidney__PD-(L)1",-0.239,0.482,33,0.619239888981992,"Kidney","PD-(L)1",0.988727731646296
"OS","CD8_Rooney","ICB_Miao1__Kidney__PD-(L)1",0.142,0.346,33,0.680444970670263,"Kidney","PD-(L)1",0.988727731646296
"OS","CD8_Sade-Feldman ","ICB_Miao1__Kidney__PD-(L)1",-0.563,0.746,33,0.450057659581626,"Kidney","PD-(L)1",0.988727731646296
"OS","CD8_Tcells_Bindea","ICB_Miao1__Kidney__PD-(L)1",0.731,0.794,33,0.357407272628166,"Kidney","PD-(L)1",0.988727731646296
"OS","CD8_Tcells_Danaher","ICB_Miao1__Kidney__PD-(L)1",0.055,0.339,33,0.870449408565407,"Kidney","PD-(L)1",0.988727731646296
"OS","CellCycle","ICB_Miao1__Kidney__PD-(L)1",-1.643,1.221,33,0.178562005762884,"Kidney","PD-(L)1",0.988727731646296
"OS","CellCycle_Reg","ICB_Miao1__Kidney__PD-(L)1",-0.824,0.819,33,0.314342026151076,"Kidney","PD-(L)1",0.988727731646296
"OS","Chemokine_Messina","ICB_Miao1__Kidney__PD-(L)1",0.206,0.366,33,0.57322371610417,"Kidney","PD-(L)1",0.988727731646296
"OS","CIN25_Carter","ICB_Miao1__Kidney__PD-(L)1",-0.294,0.529,33,0.57759627721856,"Kidney","PD-(L)1",0.988727731646296
"OS","CIN70_Carter","ICB_Miao1__Kidney__PD-(L)1",-0.257,0.623,33,0.679533817923004,"Kidney","PD-(L)1",0.988727731646296
"OS","Co-Inhibition-Tcell_Rooney","ICB_Miao1__Kidney__PD-(L)1",-0.605,0.504,33,0.230153788175196,"Kidney","PD-(L)1",0.988727731646296
"OS","Co-Stimulation-APC_Rooney","ICB_Miao1__Kidney__PD-(L)1",0.069,0.429,33,0.871730591950411,"Kidney","PD-(L)1",0.988727731646296
"OS","Co-Stimulation-Tcell_Rooney","ICB_Miao1__Kidney__PD-(L)1",0.005,0.494,33,0.992015924777243,"Kidney","PD-(L)1",0.992015924777243
"OS","COX-IS_Bonavita","ICB_Miao1__Kidney__PD-(L)1",0.739,0.895,33,0.409143189493556,"Kidney","PD-(L)1",0.988727731646296
"OS","CYT_Davoli","ICB_Miao1__Kidney__PD-(L)1",0.019,0.366,33,0.958766285232772,"Kidney","PD-(L)1",0.988727731646296
"OS","CYT_Rooney","ICB_Miao1__Kidney__PD-(L)1",0.031,0.347,33,0.928107790204602,"Kidney","PD-(L)1",0.988727731646296
"OS","Cytotoxic-cells_Bindea","ICB_Miao1__Kidney__PD-(L)1",0.133,0.47,33,0.777367740151653,"Kidney","PD-(L)1",0.988727731646296
"OS","Cytotoxic-cells_Danaher","ICB_Miao1__Kidney__PD-(L)1",0.054,0.387,33,0.88811178290664,"Kidney","PD-(L)1",0.988727731646296
"OS","DC_Bindea","ICB_Miao1__Kidney__PD-(L)1",0.48,0.641,33,0.453415062719196,"Kidney","PD-(L)1",0.988727731646296
"OS","DC_Danaher","ICB_Miao1__Kidney__PD-(L)1",0.263,0.391,33,0.500393009237146,"Kidney","PD-(L)1",0.988727731646296
"OS","DDR","ICB_Miao1__Kidney__PD-(L)1",-0.578,1.081,33,0.59294698046478,"Kidney","PD-(L)1",0.988727731646296
"OS","DNA_replication","ICB_Miao1__Kidney__PD-(L)1",-0.041,0.783,33,0.95832643698846,"Kidney","PD-(L)1",0.988727731646296
"OS","EMT_Thompson","ICB_Miao1__Kidney__PD-(L)1",-0.251,0.615,33,0.683624565685704,"Kidney","PD-(L)1",0.988727731646296
"OS","EMT1","ICB_Miao1__Kidney__PD-(L)1",0.436,0.648,33,0.501256858916354,"Kidney","PD-(L)1",0.988727731646296
"OS","EMT2","ICB_Miao1__Kidney__PD-(L)1",-0.033,0.521,33,0.949148236892515,"Kidney","PD-(L)1",0.988727731646296
"OS","EMT3","ICB_Miao1__Kidney__PD-(L)1",0.294,0.486,33,0.544252632619422,"Kidney","PD-(L)1",0.988727731646296
"OS","EMTstroma_Wang","ICB_Miao1__Kidney__PD-(L)1",-0.137,0.507,33,0.787087359557258,"Kidney","PD-(L)1",0.988727731646296
"OS","Eosinophils_Bindea","ICB_Miao1__Kidney__PD-(L)1",-0.439,1.243,33,0.724046144813964,"Kidney","PD-(L)1",0.988727731646296
"OS","GPAGs","ICB_Miao1__Kidney__PD-(L)1",-0.526,0.799,33,0.510649122063161,"Kidney","PD-(L)1",0.988727731646296
"OS","Homologous_recombination","ICB_Miao1__Kidney__PD-(L)1",-0.989,1.178,33,0.401428999686704,"Kidney","PD-(L)1",0.988727731646296
"OS","ICB-resistance_Peng","ICB_Miao1__Kidney__PD-(L)1",-0.878,0.664,33,0.185890027692464,"Kidney","PD-(L)1",0.988727731646296
"OS","iDC_Bindea","ICB_Miao1__Kidney__PD-(L)1",-0.195,0.671,33,0.770990682199709,"Kidney","PD-(L)1",0.988727731646296
"OS","IFN_Ayers","ICB_Miao1__Kidney__PD-(L)1",-0.273,0.346,33,0.429561267736584,"Kidney","PD-(L)1",0.988727731646296
"OS","ImmuneScore_Roh","ICB_Miao1__Kidney__PD-(L)1",0.117,0.433,33,0.786208591339496,"Kidney","PD-(L)1",0.988727731646296
"OS","ImmunoScore_Hao","ICB_Miao1__Kidney__PD-(L)1",-0.057,0.565,33,0.920268431644033,"Kidney","PD-(L)1",0.988727731646296
"OS","IMPRES_Auslander","ICB_Miao1__Kidney__PD-(L)1",3.639,1.605,33,0.0233597733047666,"Kidney","PD-(L)1",0.988727731646296
"OS","IMS_Cui","ICB_Miao1__Kidney__PD-(L)1",-0.348,0.609,33,0.567433458121328,"Kidney","PD-(L)1",0.988727731646296
"OS","Inflammatory_Thompson","ICB_Miao1__Kidney__PD-(L)1",-0.066,0.438,33,0.880591258723271,"Kidney","PD-(L)1",0.988727731646296
"OS","IPRES_Hugo","ICB_Miao1__Kidney__PD-(L)1",-0.272,1.382,33,0.844048408932375,"Kidney","PD-(L)1",0.988727731646296
"OS","IPS_Charoentong","ICB_Miao1__Kidney__PD-(L)1",0.237,0.23,33,0.3021735640312,"Kidney","PD-(L)1",0.988727731646296
"OS","IPSOV_Shen","ICB_Miao1__Kidney__PD-(L)1",-2.961,2.879,33,0.303660839867716,"Kidney","PD-(L)1",0.988727731646296
"OS","IRG_Ayers","ICB_Miao1__Kidney__PD-(L)1",-0.181,0.36,33,0.615122525526948,"Kidney","PD-(L)1",0.988727731646296
"OS","KDM5A_Wang","ICB_Miao1__Kidney__PD-(L)1",-0.251,0.46,33,0.585549530792771,"Kidney","PD-(L)1",0.988727731646296
"OS","M1_Hwang","ICB_Miao1__Kidney__PD-(L)1",-0.234,0.736,33,0.750814124851723,"Kidney","PD-(L)1",0.988727731646296
"OS","Macrophage_Danaher","ICB_Miao1__Kidney__PD-(L)1",-0.988,0.443,33,0.0258118948266025,"Kidney","PD-(L)1",0.988727731646296
"OS","Macrophages_Bindea","ICB_Miao1__Kidney__PD-(L)1",-0.598,0.703,33,0.394934608851146,"Kidney","PD-(L)1",0.988727731646296
"OS","Macrophages_Rooney","ICB_Miao1__Kidney__PD-(L)1",-0.411,0.506,33,0.415990886532881,"Kidney","PD-(L)1",0.988727731646296
"OS","MHC-I_Liu","ICB_Miao1__Kidney__PD-(L)1",0.019,0.729,33,0.979351655757748,"Kidney","PD-(L)1",0.989517767636724
"OS","MHC-I_Rooney","ICB_Miao1__Kidney__PD-(L)1",-0.027,0.36,33,0.94045273302444,"Kidney","PD-(L)1",0.988727731646296
"OS","MHC-II_Liu","ICB_Miao1__Kidney__PD-(L)1",-0.234,0.774,33,0.76240543840622,"Kidney","PD-(L)1",0.988727731646296
"OS","Neutrophils_Bindea","ICB_Miao1__Kidney__PD-(L)1",-0.664,0.678,33,0.327351871138456,"Kidney","PD-(L)1",0.988727731646296
"OS","Neutrophils_Rooney","ICB_Miao1__Kidney__PD-(L)1",-0.34,0.589,33,0.56447520167233,"Kidney","PD-(L)1",0.988727731646296
"OS","NK-CD56-cells_Danaher","ICB_Miao1__Kidney__PD-(L)1",0.069,0.477,33,0.885296265252799,"Kidney","PD-(L)1",0.988727731646296
"OS","NK-cells_Danaher","ICB_Miao1__Kidney__PD-(L)1",-0.095,0.38,33,0.803104559038673,"Kidney","PD-(L)1",0.988727731646296
"OS","NK-cells_Rooney","ICB_Miao1__Kidney__PD-(L)1",-0.114,0.409,33,0.780729314218963,"Kidney","PD-(L)1",0.988727731646296
"OS","NonResponse_Chen","ICB_Miao1__Kidney__PD-(L)1",-0.44,0.684,33,0.520428961617631,"Kidney","PD-(L)1",0.988727731646296
"OS","Nucleotide-excision-repair","ICB_Miao1__Kidney__PD-(L)1",0.1,0.928,33,0.914155809880924,"Kidney","PD-(L)1",0.988727731646296
"OS","PassON_Du","ICB_Miao1__Kidney__PD-(L)1",0.078,1.214,33,0.948592132635835,"Kidney","PD-(L)1",0.988727731646296
"OS","PDL1_Nishino","ICB_Miao1__Kidney__PD-(L)1",-0.07,0.405,33,0.863737412888158,"Kidney","PD-(L)1",0.988727731646296
"OS","peri-Tcell_Hwang","ICB_Miao1__Kidney__PD-(L)1",-0.151,0.793,33,0.848934789873893,"Kidney","PD-(L)1",0.988727731646296
"OS","PPAGs","ICB_Miao1__Kidney__PD-(L)1",-0.5,1.026,33,0.625786679517035,"Kidney","PD-(L)1",0.988727731646296
"OS","proliferation_Pabla","ICB_Miao1__Kidney__PD-(L)1",-0.365,0.336,33,0.278119510768208,"Kidney","PD-(L)1",0.988727731646296
"OS","PTEN-MITF_Cabrita","ICB_Miao1__Kidney__PD-(L)1",-0.292,0.546,33,0.592487876589305,"Kidney","PD-(L)1",0.988727731646296
"OS","Response_Chen","ICB_Miao1__Kidney__PD-(L)1",-0.447,0.61,33,0.463922751470678,"Kidney","PD-(L)1",0.988727731646296
"OS","STAT1_Care","ICB_Miao1__Kidney__PD-(L)1",-0.04,0.444,33,0.928874135433931,"Kidney","PD-(L)1",0.988727731646296
"OS","SW480-cells_Bindea","ICB_Miao1__Kidney__PD-(L)1",1.541,0.831,33,0.0637383200391242,"Kidney","PD-(L)1",0.988727731646296
"OS","T-helper-cells_Bindea","ICB_Miao1__Kidney__PD-(L)1",-1.08,0.867,33,0.213043856776152,"Kidney","PD-(L)1",0.988727731646296
"OS","TAM_Peng","ICB_Miao1__Kidney__PD-(L)1",0.097,1.006,33,0.923357235690998,"Kidney","PD-(L)1",0.988727731646296
"OS","Tcell-accumulation_Peng","ICB_Miao1__Kidney__PD-(L)1",0.045,0.838,33,0.956843096986452,"Kidney","PD-(L)1",0.988727731646296
"OS","Tcell-exclusion_Arnon","ICB_Miao1__Kidney__PD-(L)1",0.289,0.529,33,0.585206522699532,"Kidney","PD-(L)1",0.988727731646296
"OS","Tcell-exhaustion_Peng","ICB_Miao1__Kidney__PD-(L)1",0.092,0.916,33,0.919931489382345,"Kidney","PD-(L)1",0.988727731646296
"OS","Tcell-inflamed_Ayers","ICB_Miao1__Kidney__PD-(L)1",-0.057,0.413,33,0.890902349215205,"Kidney","PD-(L)1",0.988727731646296
"OS","Tcell-regulatory_Peng","ICB_Miao1__Kidney__PD-(L)1",-1.044,1.047,33,0.318653470198871,"Kidney","PD-(L)1",0.988727731646296
"OS","Tcells_Bindea","ICB_Miao1__Kidney__PD-(L)1",-0.091,0.448,33,0.838592119808635,"Kidney","PD-(L)1",0.988727731646296
"OS","Tcells_Danaher","ICB_Miao1__Kidney__PD-(L)1",-0.118,0.409,33,0.773129533204893,"Kidney","PD-(L)1",0.988727731646296
"OS","Teff-IFNG_Fehrenbacher","ICB_Miao1__Kidney__PD-(L)1",0.141,0.357,33,0.692408177425023,"Kidney","PD-(L)1",0.988727731646296
"OS","Teff_McDermott","ICB_Miao1__Kidney__PD-(L)1",-0.119,0.406,33,0.769413709754085,"Kidney","PD-(L)1",0.988727731646296
"OS","TFH_Bindea","ICB_Miao1__Kidney__PD-(L)1",0.026,1.031,33,0.979522638670697,"Kidney","PD-(L)1",0.989517767636724
"OS","TGFB_Mariathasan","ICB_Miao1__Kidney__PD-(L)1",-0.255,0.311,33,0.411634720598812,"Kidney","PD-(L)1",0.988727731646296
"OS","TIS_Damotte","ICB_Miao1__Kidney__PD-(L)1",0.08,0.434,33,0.853406821380171,"Kidney","PD-(L)1",0.988727731646296
"OS","TLS_Cabrita","ICB_Miao1__Kidney__PD-(L)1",0.52,0.499,33,0.297561833874968,"Kidney","PD-(L)1",0.988727731646296
"OS","TMEscoreA_plus","ICB_Miao1__Kidney__PD-(L)1",-0.07,0.529,33,0.894916121544388,"Kidney","PD-(L)1",0.988727731646296
"OS","TMEscoreB_plus","ICB_Miao1__Kidney__PD-(L)1",0.157,0.566,33,0.781889297325253,"Kidney","PD-(L)1",0.988727731646296
"OS","TypeI-IFNReponse_Rooney","ICB_Miao1__Kidney__PD-(L)1",0.172,0.401,33,0.668013119003874,"Kidney","PD-(L)1",0.988727731646296
"OS","TypeII-IFNReponse_Rooney","ICB_Miao1__Kidney__PD-(L)1",-0.645,0.495,33,0.192976842193354,"Kidney","PD-(L)1",0.988727731646296
"OS","VIGex_Hernando-Calvo","ICB_Miao1__Kidney__PD-(L)1",0.122,0.415,33,0.76937964752792,"Kidney","PD-(L)1",0.988727731646296
"OS","WNT_target","ICB_Miao1__Kidney__PD-(L)1",0.062,0.485,33,0.898696858938385,"Kidney","PD-(L)1",0.988727731646296
"OS","ADO_Sidders","ICB_Riaz__Melanoma__PD-(L)1",-1.099,0.792,23,0.164992315937231,"Melanoma","PD-(L)1",0.394546842458597
"OS","APM_Thompson","ICB_Riaz__Melanoma__PD-(L)1",-1.269,0.771,23,0.0997090414265263,"Melanoma","PD-(L)1",0.320492866660472
"OS","APM_Wang","ICB_Riaz__Melanoma__PD-(L)1",-0.358,0.585,23,0.54059900126639,"Melanoma","PD-(L)1",0.724150957911773
"OS","Base_excision_repair","ICB_Riaz__Melanoma__PD-(L)1",0.862,1.074,23,0.422463931800384,"Melanoma","PD-(L)1",0.627986925649219
"OS","Bcell_Budczies","ICB_Riaz__Melanoma__PD-(L)1",-0.931,0.518,23,0.0721573579852105,"Melanoma","PD-(L)1",0.320492866660472
"OS","Bcell_Helmink","ICB_Riaz__Melanoma__PD-(L)1",-0.602,1.155,23,0.602612307446076,"Melanoma","PD-(L)1",0.760557630022942
"OS","Bcells_Danaher","ICB_Riaz__Melanoma__PD-(L)1",-0.931,0.518,23,0.0721573579852105,"Melanoma","PD-(L)1",0.320492866660472
"OS","Bcells_Rooney","ICB_Riaz__Melanoma__PD-(L)1",-0.64,0.495,23,0.196099620196669,"Melanoma","PD-(L)1",0.438063331639861
"OS","Blood_Friedlander","ICB_Riaz__Melanoma__PD-(L)1",-1.628,1.028,23,0.113428548662223,"Melanoma","PD-(L)1",0.335230609442923
"OS","C-ECM_Chakravarthy","ICB_Riaz__Melanoma__PD-(L)1",0.262,0.965,23,0.78641559938016,"Melanoma","PD-(L)1",0.869897010323373
"OS","CAF_Peng","ICB_Riaz__Melanoma__PD-(L)1",0.165,0.591,23,0.780027082699797,"Melanoma","PD-(L)1",0.869897010323373
"OS","CCL5-CXCL9_Dangaj","ICB_Riaz__Melanoma__PD-(L)1",-0.847,0.485,23,0.0805419105666058,"Melanoma","PD-(L)1",0.320492866660472
"OS","CD39-CD8Tcell_Chow","ICB_Riaz__Melanoma__PD-(L)1",-0.781,0.457,23,0.0874349470193691,"Melanoma","PD-(L)1",0.320492866660472
"OS","CD8_Rooney","ICB_Riaz__Melanoma__PD-(L)1",-0.681,0.419,23,0.104076041356575,"Melanoma","PD-(L)1",0.320492866660472
"OS","CD8_Sade-Feldman ","ICB_Riaz__Melanoma__PD-(L)1",-0.675,0.826,23,0.414032089689257,"Melanoma","PD-(L)1",0.623883970764633
"OS","CD8_Tcells_Bindea","ICB_Riaz__Melanoma__PD-(L)1",0.609,1.188,23,0.608446104018354,"Melanoma","PD-(L)1",0.760557630022942
"OS","CD8_Tcells_Danaher","ICB_Riaz__Melanoma__PD-(L)1",-0.644,0.391,23,0.0998335619869319,"Melanoma","PD-(L)1",0.320492866660472
"OS","CellCycle","ICB_Riaz__Melanoma__PD-(L)1",-0.067,0.912,23,0.941121714291523,"Melanoma","PD-(L)1",0.958549894185811
"OS","CellCycle_Reg","ICB_Riaz__Melanoma__PD-(L)1",-0.885,0.837,23,0.29050775827013,"Melanoma","PD-(L)1",0.552278413868057
"OS","Chemokine_Messina","ICB_Riaz__Melanoma__PD-(L)1",-0.844,0.515,23,0.100951616016566,"Melanoma","PD-(L)1",0.320492866660472
"OS","CIN25_Carter","ICB_Riaz__Melanoma__PD-(L)1",-0.15,0.468,23,0.748960209494857,"Melanoma","PD-(L)1",0.853485119376495
"OS","CIN70_Carter","ICB_Riaz__Melanoma__PD-(L)1",-0.214,0.525,23,0.683677501234737,"Melanoma","PD-(L)1",0.81744049060675
"OS","Co-Inhibition-APC_Rooney","ICB_Riaz__Melanoma__PD-(L)1",-0.141,0.448,23,0.752618696177454,"Melanoma","PD-(L)1",0.853485119376495
"OS","Co-Inhibition-Tcell_Rooney","ICB_Riaz__Melanoma__PD-(L)1",-0.961,0.495,23,0.0521499414090009,"Melanoma","PD-(L)1",0.320492866660472
"OS","Co-Stimulation-APC_Rooney","ICB_Riaz__Melanoma__PD-(L)1",-0.846,0.8,23,0.290525904463903,"Melanoma","PD-(L)1",0.552278413868057
"OS","Co-Stimulation-Tcell_Rooney","ICB_Riaz__Melanoma__PD-(L)1",-0.945,0.558,23,0.0904141322244488,"Melanoma","PD-(L)1",0.320492866660472
"OS","COX-IS_Bonavita","ICB_Riaz__Melanoma__PD-(L)1",0.207,0.227,23,0.36212145935626,"Melanoma","PD-(L)1",0.603535765593767
"OS","CRMA_Shukla","ICB_Riaz__Melanoma__PD-(L)1",-0.706,0.5,23,0.158635555263561,"Melanoma","PD-(L)1",0.387775801755371
"OS","CYT_Davoli","ICB_Riaz__Melanoma__PD-(L)1",-0.887,0.448,23,0.0475117685996203,"Melanoma","PD-(L)1",0.320492866660472
"OS","CYT_Rooney","ICB_Riaz__Melanoma__PD-(L)1",-0.651,0.414,23,0.115806937807555,"Melanoma","PD-(L)1",0.335230609442923
"OS","Cytotoxic-cells_Bindea","ICB_Riaz__Melanoma__PD-(L)1",-0.977,0.542,23,0.0713501315970356,"Melanoma","PD-(L)1",0.320492866660472
"OS","Cytotoxic-cells_Danaher","ICB_Riaz__Melanoma__PD-(L)1",-0.645,0.437,23,0.139799373217874,"Melanoma","PD-(L)1",0.384448276349154
"OS","DC_Bindea","ICB_Riaz__Melanoma__PD-(L)1",-0.815,0.599,23,0.173957415389288,"Melanoma","PD-(L)1",0.407134376443015
"OS","DC_Danaher","ICB_Riaz__Melanoma__PD-(L)1",-0.512,0.514,23,0.319300299019041,"Melanoma","PD-(L)1",0.566500530517653
"OS","DDR","ICB_Riaz__Melanoma__PD-(L)1",0.024,0.949,23,0.980064889520746,"Melanoma","PD-(L)1",0.980064889520746
"OS","DNA_replication","ICB_Riaz__Melanoma__PD-(L)1",-0.226,0.647,23,0.726246794059342,"Melanoma","PD-(L)1",0.853485119376495
"OS","EMT_Thompson","ICB_Riaz__Melanoma__PD-(L)1",-0.677,0.762,23,0.374163783890868,"Melanoma","PD-(L)1",0.614298749671575
"OS","EMT1","ICB_Riaz__Melanoma__PD-(L)1",2.164,0.941,23,0.0215046674097648,"Melanoma","PD-(L)1",0.320492866660472
"OS","EMT2","ICB_Riaz__Melanoma__PD-(L)1",0.079,0.48,23,0.869950965763819,"Melanoma","PD-(L)1",0.920140444557886
"OS","EMT3","ICB_Riaz__Melanoma__PD-(L)1",-0.785,0.907,23,0.386779225283895,"Melanoma","PD-(L)1",0.614608259910008
"OS","EMTstroma_Wang","ICB_Riaz__Melanoma__PD-(L)1",0.353,0.586,23,0.546614066395043,"Melanoma","PD-(L)1",0.724150957911773
"OS","Eosinophils_Bindea","ICB_Riaz__Melanoma__PD-(L)1",-3.048,1.405,23,0.0300015386345069,"Melanoma","PD-(L)1",0.320492866660472
"OS","FGFR3_related","ICB_Riaz__Melanoma__PD-(L)1",0.592,0.461,23,0.199119696199937,"Melanoma","PD-(L)1",0.438063331639861
"OS","GPAGs","ICB_Riaz__Melanoma__PD-(L)1",-0.768,0.834,23,0.357335469934842,"Melanoma","PD-(L)1",0.603535765593767
"OS","Histones","ICB_Riaz__Melanoma__PD-(L)1",0.03,0.512,23,0.953082004939869,"Melanoma","PD-(L)1",0.961825876544821
"OS","Homologous_recombination","ICB_Riaz__Melanoma__PD-(L)1",-0.083,0.692,23,0.904679227410085,"Melanoma","PD-(L)1",0.93004406556177
"OS","ICB-resistance_Peng","ICB_Riaz__Melanoma__PD-(L)1",-1.002,0.653,23,0.125075986362895,"Melanoma","PD-(L)1",0.352778423074833
"OS","iDC_Bindea","ICB_Riaz__Melanoma__PD-(L)1",-0.732,0.859,23,0.394533186778975,"Melanoma","PD-(L)1",0.614608259910008
"OS","IFN_Ayers","ICB_Riaz__Melanoma__PD-(L)1",-0.603,0.325,23,0.0634606357676967,"Melanoma","PD-(L)1",0.320492866660472
"OS","ImmuneCells_Xiong","ICB_Riaz__Melanoma__PD-(L)1",-0.36,1.536,23,0.814539927848249,"Melanoma","PD-(L)1",0.869897010323373
"OS","ImmuneScore_Roh","ICB_Riaz__Melanoma__PD-(L)1",-0.993,0.558,23,0.0752746189292873,"Melanoma","PD-(L)1",0.320492866660472
"OS","ImmunoScore_Hao","ICB_Riaz__Melanoma__PD-(L)1",-1.024,0.622,23,0.0997568890868107,"Melanoma","PD-(L)1",0.320492866660472
"OS","IMPRES_Auslander","ICB_Riaz__Melanoma__PD-(L)1",0.915,1.523,23,0.548063832152742,"Melanoma","PD-(L)1",0.724150957911773
"OS","IMS_Cui","ICB_Riaz__Melanoma__PD-(L)1",0.367,0.618,23,0.552988004223536,"Melanoma","PD-(L)1",0.724150957911773
"OS","Inflammatory_Thompson","ICB_Riaz__Melanoma__PD-(L)1",-0.787,0.469,23,0.0931241641232107,"Melanoma","PD-(L)1",0.320492866660472
"OS","IPRES_Hugo","ICB_Riaz__Melanoma__PD-(L)1",0.319,1.348,23,0.812882981634597,"Melanoma","PD-(L)1",0.869897010323373
"OS","IPS_Charoentong","ICB_Riaz__Melanoma__PD-(L)1",-0.345,0.262,23,0.188444132615512,"Melanoma","PD-(L)1",0.431851137243883
"OS","IPSOV_Shen","ICB_Riaz__Melanoma__PD-(L)1",-2.785,1.452,23,0.055095088955771,"Melanoma","PD-(L)1",0.320492866660472
"OS","IRG_Ayers","ICB_Riaz__Melanoma__PD-(L)1",-0.607,0.311,23,0.051043457909146,"Melanoma","PD-(L)1",0.320492866660472
"OS","IRG_Yang","ICB_Riaz__Melanoma__PD-(L)1",0.27,1.029,23,0.793109916240677,"Melanoma","PD-(L)1",0.869897010323373
"OS","KDM5A_Wang","ICB_Riaz__Melanoma__PD-(L)1",-2.774,0.992,23,0.00515877569355266,"Melanoma","PD-(L)1",0.320492866660472
"OS","M1_Hwang","ICB_Riaz__Melanoma__PD-(L)1",-1.121,0.881,23,0.203157148112044,"Melanoma","PD-(L)1",0.438182084163231
"OS","Macrophage_Danaher","ICB_Riaz__Melanoma__PD-(L)1",-0.492,0.493,23,0.31906290696653,"Melanoma","PD-(L)1",0.566500530517653
"OS","Macrophages_Bindea","ICB_Riaz__Melanoma__PD-(L)1",-0.671,0.796,23,0.399380197546914,"Melanoma","PD-(L)1",0.614608259910008
"OS","Macrophages_Rooney","ICB_Riaz__Melanoma__PD-(L)1",-0.526,0.775,23,0.49697446130505,"Melanoma","PD-(L)1",0.698515635748608
"OS","Mast-cells_Bindea","ICB_Riaz__Melanoma__PD-(L)1",-0.85,0.759,23,0.26246911326273,"Melanoma","PD-(L)1",0.524938226525459
"OS","Mast-cells_Danaher","ICB_Riaz__Melanoma__PD-(L)1",-0.055,0.436,23,0.899908549220403,"Melanoma","PD-(L)1",0.93004406556177
"OS","MDSC_Peng","ICB_Riaz__Melanoma__PD-(L)1",0.723,1.031,23,0.483222836408662,"Melanoma","PD-(L)1",0.698515635748608
"OS","MHC-I_Liu","ICB_Riaz__Melanoma__PD-(L)1",-1.044,0.9,23,0.246312071306032,"Melanoma","PD-(L)1",0.511213732899311
"OS","MHC-I_Rooney","ICB_Riaz__Melanoma__PD-(L)1",-0.482,0.466,23,0.30135334801535,"Melanoma","PD-(L)1",0.553391491914698
"OS","MHC-II_Liu","ICB_Riaz__Melanoma__PD-(L)1",-1.773,0.882,23,0.0445306399185677,"Melanoma","PD-(L)1",0.320492866660472
"OS","MPS_Guijarro","ICB_Riaz__Melanoma__PD-(L)1",2.334,2.211,23,0.291201345494066,"Melanoma","PD-(L)1",0.552278413868057
"OS","Myeloid-DC_Helmink","ICB_Riaz__Melanoma__PD-(L)1",-1.051,0.495,23,0.0336345663088746,"Melanoma","PD-(L)1",0.320492866660472
"OS","Neutrophils_Bindea","ICB_Riaz__Melanoma__PD-(L)1",-0.174,0.687,23,0.800048401871856,"Melanoma","PD-(L)1",0.869897010323373
"OS","Neutrophils_Rooney","ICB_Riaz__Melanoma__PD-(L)1",-0.4,0.687,23,0.560311679137357,"Melanoma","PD-(L)1",0.725109231824814
"OS","NK-cells_Danaher","ICB_Riaz__Melanoma__PD-(L)1",-0.955,0.493,23,0.0525457494133948,"Melanoma","PD-(L)1",0.320492866660472
"OS","NK-cells_Rooney","ICB_Riaz__Melanoma__PD-(L)1",-0.98,0.436,23,0.0246950471173483,"Melanoma","PD-(L)1",0.320492866660472
"OS","NonResponse_Chen","ICB_Riaz__Melanoma__PD-(L)1",-0.237,0.577,23,0.68185985796326,"Melanoma","PD-(L)1",0.81744049060675
"OS","Nucleotide-excision-repair","ICB_Riaz__Melanoma__PD-(L)1",0.714,1.062,23,0.501661229310364,"Melanoma","PD-(L)1",0.698515635748608
"OS","PassON_Du","ICB_Riaz__Melanoma__PD-(L)1",-2.577,1.548,23,0.0959365699463721,"Melanoma","PD-(L)1",0.320492866660472
"OS","PDL1_Nishino","ICB_Riaz__Melanoma__PD-(L)1",-0.379,0.448,23,0.398513735378239,"Melanoma","PD-(L)1",0.614608259910008
"OS","peri-Tcell_Hwang","ICB_Riaz__Melanoma__PD-(L)1",-1.396,0.851,23,0.101044973518516,"Melanoma","PD-(L)1",0.320492866660472
"OS","PPAGs","ICB_Riaz__Melanoma__PD-(L)1",0.72,0.859,23,0.402289042850187,"Melanoma","PD-(L)1",0.614608259910008
"OS","proliferation_Pabla","ICB_Riaz__Melanoma__PD-(L)1",-0.082,0.249,23,0.74212529123527,"Melanoma","PD-(L)1",0.853485119376495
"OS","PTEN-MITF_Cabrita","ICB_Riaz__Melanoma__PD-(L)1",-0.236,0.697,23,0.73436405802334,"Melanoma","PD-(L)1",0.853485119376495
"OS","Response_Chen","ICB_Riaz__Melanoma__PD-(L)1",-0.842,0.591,23,0.154070040700322,"Melanoma","PD-(L)1",0.387775801755371
"OS","STAT1_Care","ICB_Riaz__Melanoma__PD-(L)1",-0.754,0.525,23,0.151067563678743,"Melanoma","PD-(L)1",0.387775801755371
"OS","SW480-cells_Bindea","ICB_Riaz__Melanoma__PD-(L)1",0.567,0.742,23,0.444684708517753,"Melanoma","PD-(L)1",0.652204239159371
"OS","T-helper-cells_Bindea","ICB_Riaz__Melanoma__PD-(L)1",-1.451,0.895,23,0.104888574543427,"Melanoma","PD-(L)1",0.320492866660472
"OS","TAM_Peng","ICB_Riaz__Melanoma__PD-(L)1",-1.161,1.018,23,0.254280860367223,"Melanoma","PD-(L)1",0.517979530377677
"OS","Tcell-accumulation_Peng","ICB_Riaz__Melanoma__PD-(L)1",-1.273,0.773,23,0.0994611973741384,"Melanoma","PD-(L)1",0.320492866660472
"OS","Tcell-exclusion_Arnon","ICB_Riaz__Melanoma__PD-(L)1",-0.349,0.817,23,0.669101618783795,"Melanoma","PD-(L)1",0.81744049060675
"OS","Tcell-exhaustion_Peng","ICB_Riaz__Melanoma__PD-(L)1",-0.644,1.022,23,0.528736941967514,"Melanoma","PD-(L)1",0.724150957911773
"OS","Tcell-inflamed_Ayers","ICB_Riaz__Melanoma__PD-(L)1",-0.845,0.472,23,0.0735973404862362,"Melanoma","PD-(L)1",0.320492866660472
"OS","Tcell-regulatory_Peng","ICB_Riaz__Melanoma__PD-(L)1",-1.461,1.005,23,0.146266177087275,"Melanoma","PD-(L)1",0.387775801755371
"OS","Tcells_Bindea","ICB_Riaz__Melanoma__PD-(L)1",-1.142,0.5,23,0.0224305314201193,"Melanoma","PD-(L)1",0.320492866660472
"OS","Tcells_Danaher","ICB_Riaz__Melanoma__PD-(L)1",-0.99,0.439,23,0.0240793954462403,"Melanoma","PD-(L)1",0.320492866660472
"OS","Tcm_Bindea","ICB_Riaz__Melanoma__PD-(L)1",-0.972,0.942,23,0.301849904680745,"Melanoma","PD-(L)1",0.553391491914698
"OS","Teff-IFNG_Fehrenbacher","ICB_Riaz__Melanoma__PD-(L)1",-0.764,0.458,23,0.0955067057397457,"Melanoma","PD-(L)1",0.320492866660472
"OS","Teff_McDermott","ICB_Riaz__Melanoma__PD-(L)1",-0.559,0.449,23,0.213254082109567,"Melanoma","PD-(L)1",0.451114404462546
"OS","TFH_Bindea","ICB_Riaz__Melanoma__PD-(L)1",-2.418,1.046,23,0.0208328685956842,"Melanoma","PD-(L)1",0.320492866660472
"OS","TGFB_Mariathasan","ICB_Riaz__Melanoma__PD-(L)1",0.425,0.462,23,0.35768918165568,"Melanoma","PD-(L)1",0.603535765593767
"OS","TIS_Damotte","ICB_Riaz__Melanoma__PD-(L)1",-0.685,0.483,23,0.156149001593919,"Melanoma","PD-(L)1",0.387775801755371
"OS","TLS_Cabrita","ICB_Riaz__Melanoma__PD-(L)1",-0.491,0.528,23,0.352086523229126,"Melanoma","PD-(L)1",0.603535765593767
"OS","TMEscoreA_plus","ICB_Riaz__Melanoma__PD-(L)1",-1.115,0.655,23,0.0888277345139693,"Melanoma","PD-(L)1",0.320492866660472
"OS","TMEscoreB_plus","ICB_Riaz__Melanoma__PD-(L)1",0.113,0.836,23,0.892953979153528,"Melanoma","PD-(L)1",0.93004406556177
"OS","TypeI-IFNReponse_Rooney","ICB_Riaz__Melanoma__PD-(L)1",-0.209,0.492,23,0.671039121537912,"Melanoma","PD-(L)1",0.81744049060675
"OS","TypeII-IFNReponse_Rooney","ICB_Riaz__Melanoma__PD-(L)1",-0.396,0.748,23,0.596176845746454,"Melanoma","PD-(L)1",0.760557630022942
"OS","VIGex_Hernando-Calvo","ICB_Riaz__Melanoma__PD-(L)1",-0.801,0.49,23,0.102060157208976,"Melanoma","PD-(L)1",0.320492866660472
"OS","WNT_target","ICB_Riaz__Melanoma__PD-(L)1",0.447,0.649,23,0.491187502656056,"Melanoma","PD-(L)1",0.698515635748608
"OS","ADO_Sidders","ICB_Van_Allen__Melanoma__CTLA4",-0.657,0.643,42,0.306814622738585,"Melanoma","CTLA4",0.460221934107877
"OS","APM_Thompson","ICB_Van_Allen__Melanoma__CTLA4",-0.976,0.457,42,0.0327436814186569,"Melanoma","CTLA4",0.0781383306581585
"OS","APM_Wang","ICB_Van_Allen__Melanoma__CTLA4",-1.264,0.495,42,0.0106740178415249,"Melanoma","CTLA4",0.0448308749344046
"OS","Base_excision_repair","ICB_Van_Allen__Melanoma__CTLA4",-0.315,0.593,42,0.59555765871226,"Melanoma","CTLA4",0.727134350753341
"OS","Bcell_Budczies","ICB_Van_Allen__Melanoma__CTLA4",-0.814,0.367,42,0.0264736728659708,"Melanoma","CTLA4",0.0687242801846957
"OS","Bcell_Helmink","ICB_Van_Allen__Melanoma__CTLA4",-1.478,0.944,42,0.117496913492691,"Melanoma","CTLA4",0.218675259396478
"OS","Bcells_Danaher","ICB_Van_Allen__Melanoma__CTLA4",-0.814,0.367,42,0.0264736728659708,"Melanoma","CTLA4",0.0687242801846957
"OS","Bcells_Rooney","ICB_Van_Allen__Melanoma__CTLA4",-1.079,0.444,42,0.014985588947191,"Melanoma","CTLA4",0.0507576399824211
"OS","Blood_Friedlander","ICB_Van_Allen__Melanoma__CTLA4",-0.85,0.732,42,0.245863517968492,"Melanoma","CTLA4",0.403369834167057
"OS","C-ECM_Chakravarthy","ICB_Van_Allen__Melanoma__CTLA4",0.424,0.681,42,0.533552821779331,"Melanoma","CTLA4",0.666941027224164
"OS","CAF_Peng","ICB_Van_Allen__Melanoma__CTLA4",0.472,0.486,42,0.331226899862606,"Melanoma","CTLA4",0.476224610522855
"OS","CCL5-CXCL9_Dangaj","ICB_Van_Allen__Melanoma__CTLA4",-1.138,0.402,42,0.00459136538661031,"Melanoma","CTLA4",0.0344352403995773
"OS","CD39-CD8Tcell_Chow","ICB_Van_Allen__Melanoma__CTLA4",-1.383,0.412,42,0.000785943339381268,"Melanoma","CTLA4",0.0296428336642746
"OS","CD8_Rooney","ICB_Van_Allen__Melanoma__CTLA4",-0.966,0.373,42,0.00955726048094317,"Melanoma","CTLA4",0.043997723740451
"OS","CD8_Sade-Feldman ","ICB_Van_Allen__Melanoma__CTLA4",-0.059,0.773,42,0.939185912759726,"Melanoma","CTLA4",0.966809027840894
"OS","CD8_Tcells_Bindea","ICB_Van_Allen__Melanoma__CTLA4",-1.673,0.883,42,0.0580251073619136,"Melanoma","CTLA4",0.12963055900002
"OS","CD8_Tcells_Danaher","ICB_Van_Allen__Melanoma__CTLA4",-0.764,0.346,42,0.0273973353263852,"Melanoma","CTLA4",0.0687242801846957
"OS","CellCycle","ICB_Van_Allen__Melanoma__CTLA4",0.176,0.743,42,0.812565340416607,"Melanoma","CTLA4",0.863450111170839
"OS","CellCycle_Reg","ICB_Van_Allen__Melanoma__CTLA4",-0.191,0.736,42,0.795669014939494,"Melanoma","CTLA4",0.863450111170839
"OS","Chemokine_Messina","ICB_Van_Allen__Melanoma__CTLA4",-1.177,0.466,42,0.0115554035414384,"Melanoma","CTLA4",0.0449376804389272
"OS","CIN25_Carter","ICB_Van_Allen__Melanoma__CTLA4",0.101,0.395,42,0.797902429724938,"Melanoma","CTLA4",0.863450111170839
"OS","CIN70_Carter","ICB_Van_Allen__Melanoma__CTLA4",0.189,0.423,42,0.654665615736364,"Melanoma","CTLA4",0.772358310700204
"OS","Co-Inhibition-Tcell_Rooney","ICB_Van_Allen__Melanoma__CTLA4",-1.348,0.438,42,0.00210805176733335,"Melanoma","CTLA4",0.0296428336642746
"OS","Co-Stimulation-APC_Rooney","ICB_Van_Allen__Melanoma__CTLA4",-1.272,0.574,42,0.0266089112022472,"Melanoma","CTLA4",0.0687242801846957
"OS","Co-Stimulation-Tcell_Rooney","ICB_Van_Allen__Melanoma__CTLA4",-0.736,0.406,42,0.0701117415992908,"Melanoma","CTLA4",0.148024495199051
"OS","COX-IS_Bonavita","ICB_Van_Allen__Melanoma__CTLA4",-0.676,0.339,42,0.0461026489608599,"Melanoma","CTLA4",0.10757284757534
"OS","CRMA_Shukla","ICB_Van_Allen__Melanoma__CTLA4",0.645,0.293,42,0.0274897120738783,"Melanoma","CTLA4",0.0687242801846957
"OS","CYT_Davoli","ICB_Van_Allen__Melanoma__CTLA4",-1.084,0.361,42,0.00269769495855345,"Melanoma","CTLA4",0.0296428336642746
"OS","CYT_Rooney","ICB_Van_Allen__Melanoma__CTLA4",-1.106,0.353,42,0.001717363101951,"Melanoma","CTLA4",0.0296428336642746
"OS","Cytotoxic-cells_Bindea","ICB_Van_Allen__Melanoma__CTLA4",-1.604,0.486,42,0.000963639136864177,"Melanoma","CTLA4",0.0296428336642746
"OS","Cytotoxic-cells_Danaher","ICB_Van_Allen__Melanoma__CTLA4",-1.082,0.373,42,0.00370920562208174,"Melanoma","CTLA4",0.0299589684860448
"OS","DC_Bindea","ICB_Van_Allen__Melanoma__CTLA4",-0.514,0.463,42,0.267102733763983,"Melanoma","CTLA4",0.424936167351791
"OS","DC_Danaher","ICB_Van_Allen__Melanoma__CTLA4",-0.47,0.374,42,0.208735593481285,"Melanoma","CTLA4",0.347892655802142
"OS","DDR","ICB_Van_Allen__Melanoma__CTLA4",0.438,0.823,42,0.594963369358489,"Melanoma","CTLA4",0.727134350753341
"OS","DNA_replication","ICB_Van_Allen__Melanoma__CTLA4",0.179,0.488,42,0.714244954149175,"Melanoma","CTLA4",0.80640559339423
"OS","EMT_Thompson","ICB_Van_Allen__Melanoma__CTLA4",-0.034,0.554,42,0.951455534529615,"Melanoma","CTLA4",0.969930399277762
"OS","EMT1","ICB_Van_Allen__Melanoma__CTLA4",-0.387,0.775,42,0.617503969762195,"Melanoma","CTLA4",0.74526341178196
"OS","EMT2","ICB_Van_Allen__Melanoma__CTLA4",0.207,0.499,42,0.67873933953171,"Melanoma","CTLA4",0.782666342365274
"OS","EMT3","ICB_Van_Allen__Melanoma__CTLA4",0.375,0.507,42,0.45953167240581,"Melanoma","CTLA4",0.61860032823859
"OS","EMTstroma_Wang","ICB_Van_Allen__Melanoma__CTLA4",0.218,0.538,42,0.685764795215288,"Melanoma","CTLA4",0.782666342365274
"OS","Eosinophils_Bindea","ICB_Van_Allen__Melanoma__CTLA4",1.058,1.022,42,0.300535049974214,"Melanoma","CTLA4",0.457335945612935
"OS","GPAGs","ICB_Van_Allen__Melanoma__CTLA4",-0.549,0.726,42,0.449198166902477,"Melanoma","CTLA4",0.612542954867014
"OS","Homologous_recombination","ICB_Van_Allen__Melanoma__CTLA4",0.448,0.636,42,0.481811315617364,"Melanoma","CTLA4",0.628518980962126
"OS","ICB-resistance_Peng","ICB_Van_Allen__Melanoma__CTLA4",-1.365,0.579,42,0.0183874985162395,"Melanoma","CTLA4",0.0541732029363675
"OS","iDC_Bindea","ICB_Van_Allen__Melanoma__CTLA4",-0.749,0.767,42,0.328779227465274,"Melanoma","CTLA4",0.476224610522855
"OS","IFN_Ayers","ICB_Van_Allen__Melanoma__CTLA4",-0.598,0.219,42,0.00627243022794816,"Melanoma","CTLA4",0.0404352769091084
"OS","ImmuneCells_Xiong","ICB_Van_Allen__Melanoma__CTLA4",-1.517,1.332,42,0.25479283985768,"Melanoma","CTLA4",0.411588433616253
"OS","ImmuneScore_Roh","ICB_Van_Allen__Melanoma__CTLA4",-1.405,0.517,42,0.00654666388052231,"Melanoma","CTLA4",0.0404352769091084
"OS","ImmunoScore_Hao","ICB_Van_Allen__Melanoma__CTLA4",-1.761,0.587,42,0.00270592341008609,"Melanoma","CTLA4",0.0296428336642746
"OS","IMPRES_Auslander","ICB_Van_Allen__Melanoma__CTLA4",2.341,1.301,42,0.0718976119538246,"Melanoma","CTLA4",0.148024495199051
"OS","IMS_Cui","ICB_Van_Allen__Melanoma__CTLA4",0.136,0.489,42,0.781428849884378,"Melanoma","CTLA4",0.863450111170839
"OS","Inflammatory_Thompson","ICB_Van_Allen__Melanoma__CTLA4",-1.267,0.435,42,0.00356729571266237,"Melanoma","CTLA4",0.0299589684860448
"OS","IPRES_Hugo","ICB_Van_Allen__Melanoma__CTLA4",0.683,0.975,42,0.48365490833403,"Melanoma","CTLA4",0.628518980962126
"OS","IPS_Charoentong","ICB_Van_Allen__Melanoma__CTLA4",0.006,0.195,42,0.973579435191801,"Melanoma","CTLA4",0.973579435191801
"OS","IPSOV_Shen","ICB_Van_Allen__Melanoma__CTLA4",-2.453,1.572,42,0.118709426529516,"Melanoma","CTLA4",0.218675259396478
"OS","IRG_Ayers","ICB_Van_Allen__Melanoma__CTLA4",-0.676,0.217,42,0.0018564202869866,"Melanoma","CTLA4",0.0296428336642746
"OS","IRG_Yang","ICB_Van_Allen__Melanoma__CTLA4",-1.565,0.629,42,0.0128696607990902,"Melanoma","CTLA4",0.0465970477208437
"OS","KDM5A_Wang","ICB_Van_Allen__Melanoma__CTLA4",0.671,0.522,42,0.198310263692368,"Melanoma","CTLA4",0.335848027220946
"OS","M1_Hwang","ICB_Van_Allen__Melanoma__CTLA4",-1.658,0.962,42,0.0849023758481809,"Melanoma","CTLA4",0.16508795303813
"OS","Macrophage_Danaher","ICB_Van_Allen__Melanoma__CTLA4",-0.968,0.411,42,0.0185736695781832,"Melanoma","CTLA4",0.0541732029363675
"OS","Macrophages_Bindea","ICB_Van_Allen__Melanoma__CTLA4",-0.129,0.593,42,0.827926092635631,"Melanoma","CTLA4",0.863450111170839
"OS","Macrophages_Rooney","ICB_Van_Allen__Melanoma__CTLA4",-1.002,0.556,42,0.0715992536343578,"Melanoma","CTLA4",0.148024495199051
"OS","Mast-cells_Bindea","ICB_Van_Allen__Melanoma__CTLA4",-0.634,0.602,42,0.292834129657478,"Melanoma","CTLA4",0.452170347265223
"OS","MDSC_Peng","ICB_Van_Allen__Melanoma__CTLA4",1.766,0.748,42,0.018164955640737,"Melanoma","CTLA4",0.0541732029363675
"OS","MHC-I_Liu","ICB_Van_Allen__Melanoma__CTLA4",-1.889,0.732,42,0.009833877964714,"Melanoma","CTLA4",0.043997723740451
"OS","MHC-I_Rooney","ICB_Van_Allen__Melanoma__CTLA4",-0.973,0.361,42,0.00710056811779299,"Melanoma","CTLA4",0.0412860569595898
"OS","MHC-II_Liu","ICB_Van_Allen__Melanoma__CTLA4",-2.13,0.796,42,0.0074708103069734,"Melanoma","CTLA4",0.0412860569595898
"OS","Myeloid-DC_Helmink","ICB_Van_Allen__Melanoma__CTLA4",-0.524,0.352,42,0.136319909552228,"Melanoma","CTLA4",0.246786043154896
"OS","Neutrophils_Bindea","ICB_Van_Allen__Melanoma__CTLA4",-0.192,0.602,42,0.749589733305205,"Melanoma","CTLA4",0.837307680819644
"OS","Neutrophils_Rooney","ICB_Van_Allen__Melanoma__CTLA4",-1.108,0.57,42,0.0517722366637819,"Melanoma","CTLA4",0.118175757602111
"OS","NK-CD56-cells_Danaher","ICB_Van_Allen__Melanoma__CTLA4",-0.491,0.35,42,0.160559707034776,"Melanoma","CTLA4",0.285741851502567
"OS","NK-cells_Danaher","ICB_Van_Allen__Melanoma__CTLA4",-0.578,0.325,42,0.0753050901517629,"Melanoma","CTLA4",0.152058355114137
"OS","NK-cells_Rooney","ICB_Van_Allen__Melanoma__CTLA4",-0.79,0.333,42,0.0176832360998102,"Melanoma","CTLA4",0.0541732029363675
"OS","NonResponse_Chen","ICB_Van_Allen__Melanoma__CTLA4",0.099,0.462,42,0.830556773602426,"Melanoma","CTLA4",0.863450111170839
"OS","Nucleotide-excision-repair","ICB_Van_Allen__Melanoma__CTLA4",0.316,0.731,42,0.66591331363242,"Melanoma","CTLA4",0.77689886590449
"OS","PassON_Du","ICB_Van_Allen__Melanoma__CTLA4",-3.673,1.23,42,0.0028231270156452,"Melanoma","CTLA4",0.0296428336642746
"OS","PDL1_Nishino","ICB_Van_Allen__Melanoma__CTLA4",-0.98,0.394,42,0.0128037794602979,"Melanoma","CTLA4",0.0465970477208437
"OS","peri-Tcell_Hwang","ICB_Van_Allen__Melanoma__CTLA4",-2.064,0.869,42,0.0175020084236011,"Melanoma","CTLA4",0.0541732029363675
"OS","PPAGs","ICB_Van_Allen__Melanoma__CTLA4",1.001,0.733,42,0.172233039461344,"Melanoma","CTLA4",0.296466707269526
"OS","proliferation_Pabla","ICB_Van_Allen__Melanoma__CTLA4",0.11,0.228,42,0.629866367861993,"Melanoma","CTLA4",0.751545098017151
"OS","PTEN-MITF_Cabrita","ICB_Van_Allen__Melanoma__CTLA4",-0.319,0.456,42,0.484857499599354,"Melanoma","CTLA4",0.628518980962126
"OS","Response_Chen","ICB_Van_Allen__Melanoma__CTLA4",-1.455,0.528,42,0.0058702959248432,"Melanoma","CTLA4",0.0404352769091084
"OS","STAT1_Care","ICB_Van_Allen__Melanoma__CTLA4",-0.939,0.43,42,0.0291523608446546,"Melanoma","CTLA4",0.071185997411366
"OS","SW480-cells_Bindea","ICB_Van_Allen__Melanoma__CTLA4",-0.896,0.909,42,0.323845532278421,"Melanoma","CTLA4",0.476224610522855
"OS","T-helper-cells_Bindea","ICB_Van_Allen__Melanoma__CTLA4",-0.386,0.617,42,0.53162477742454,"Melanoma","CTLA4",0.666941027224164
"OS","TAM_Peng","ICB_Van_Allen__Melanoma__CTLA4",-0.725,0.757,42,0.338048767811209,"Melanoma","CTLA4",0.476224610522855
"OS","Tcell-accumulation_Peng","ICB_Van_Allen__Melanoma__CTLA4",-0.992,0.562,42,0.0775654047003667,"Melanoma","CTLA4",0.15366731119884
"OS","Tcell-exclusion_Arnon","ICB_Van_Allen__Melanoma__CTLA4",-0.479,0.594,42,0.420734924941224,"Melanoma","CTLA4",0.581278514721427
"OS","Tcell-exhaustion_Peng","ICB_Van_Allen__Melanoma__CTLA4",-0.837,0.774,42,0.279944405525078,"Melanoma","CTLA4",0.4387188444796
"OS","Tcell-inflamed_Ayers","ICB_Van_Allen__Melanoma__CTLA4",-1.388,0.453,42,0.00215335796643867,"Melanoma","CTLA4",0.0296428336642746
"OS","Tcell-regulatory_Peng","ICB_Van_Allen__Melanoma__CTLA4",-2.055,0.81,42,0.0112355357319144,"Melanoma","CTLA4",0.0449376804389272
"OS","Tcells_Bindea","ICB_Van_Allen__Melanoma__CTLA4",-0.908,0.352,42,0.00981011617166013,"Melanoma","CTLA4",0.043997723740451
"OS","Tcells_Danaher","ICB_Van_Allen__Melanoma__CTLA4",-1.006,0.345,42,0.00352034411821346,"Melanoma","CTLA4",0.0299589684860448
"OS","Teff-IFNG_Fehrenbacher","ICB_Van_Allen__Melanoma__CTLA4",-0.946,0.365,42,0.0095392523615813,"Melanoma","CTLA4",0.043997723740451
"OS","Teff_McDermott","ICB_Van_Allen__Melanoma__CTLA4",-0.95,0.369,42,0.0100566225692459,"Melanoma","CTLA4",0.043997723740451
"OS","TFH_Bindea","ICB_Van_Allen__Melanoma__CTLA4",-1.147,0.721,42,0.111771466726788,"Melanoma","CTLA4",0.213381891023869
"OS","TGFB_Mariathasan","ICB_Van_Allen__Melanoma__CTLA4",0.014,0.282,42,0.960755630321142,"Melanoma","CTLA4",0.969993665228076
"OS","TIS_Damotte","ICB_Van_Allen__Melanoma__CTLA4",-1.511,0.501,42,0.0025459329571425,"Melanoma","CTLA4",0.0296428336642746
"OS","TLS_Cabrita","ICB_Van_Allen__Melanoma__CTLA4",-1.155,0.468,42,0.0136453412887546,"Melanoma","CTLA4",0.0477586945106409
"OS","TMEscoreA_plus","ICB_Van_Allen__Melanoma__CTLA4",-0.8,0.438,42,0.0677583550201177,"Melanoma","CTLA4",0.148024495199051
"OS","TMEscoreB_plus","ICB_Van_Allen__Melanoma__CTLA4",0.558,0.585,42,0.340160436087754,"Melanoma","CTLA4",0.476224610522855
"OS","TypeI-IFNReponse_Rooney","ICB_Van_Allen__Melanoma__CTLA4",-0.663,0.478,42,0.165673248943328,"Melanoma","CTLA4",0.289928185650823
"OS","TypeII-IFNReponse_Rooney","ICB_Van_Allen__Melanoma__CTLA4",0.27,0.433,42,0.532567658922631,"Melanoma","CTLA4",0.666941027224164
"OS","VIGex_Hernando-Calvo","ICB_Van_Allen__Melanoma__CTLA4",-0.894,0.388,42,0.0212934065543711,"Melanoma","CTLA4",0.0604272348164584
"OS","WNT_target","ICB_Van_Allen__Melanoma__CTLA4",0.091,0.418,42,0.828052372048234,"Melanoma","CTLA4",0.863450111170839
